country,country_code,year,total_generation,total_co2,total_certified,perc_tracked_total,perc_residual,perc_tracked_renewables,perc_green,residualmix_gco2kwh,methodology
Afghanistan,AFG,2020,1.18,110.0,0,0.0,100.0,0.0,89.83050847457628,,GO
Afghanistan,AFG,2021,1.06,120.0,0,0.0,100.0,0.0,87.73584905660377,,GO
Afghanistan,AFG,2022,0.96,120.0,0,0.0,100.0,0.0,86.45833333333334,,GO
Afghanistan,AFG,2023,0.97,120.0,0,0.0,100.0,0.0,86.5979381443299,,GO
Albania,ALB,2020,5.3100000000000005,130.0,0,0.0,100.0,0.0,100.0,,GO
Albania,ALB,2021,8.94,210.0,0,0.0,100.0,0.0,100.0,,GO
Albania,ALB,2022,6.97,170.0,0,0.0,100.0,0.0,100.0,,GO
Albania,ALB,2023,9.010000000000002,220.0,0,0.0,100.0,0.0,100.0,,GO
Algeria,DZA,2020,79.36999999999999,50210.0,0,0.0,100.0,0.0,1.108731258661963,,GO
Algeria,DZA,2021,85.60000000000001,54230.0,0,0.0,100.0,0.0,0.9462616822429906,,GO
Algeria,DZA,2022,91.47,57960.0,0,0.0,100.0,0.0,0.9401989723406581,,GO
Algeria,DZA,2023,96.3,61020.0,0,0.0,100.0,0.0,0.944963655244029,,GO
American Samoa,ASM,2020,0.17,110.0,0,0.0,100.0,,0.0,,GO
American Samoa,ASM,2021,0.17,110.0,0,0.0,100.0,,0.0,,GO
American Samoa,ASM,2022,0.18000000000000002,110.0,0,0.0,100.0,0.0,5.555555555555555,,GO
American Samoa,ASM,2023,0.17,110.0,0,0.0,100.0,,0.0,,GO
Angola,AGO,2020,16.81,2880.0,0,0.0,100.0,0.0,75.60975609756099,,GO
Angola,AGO,2021,16.85,2910.0,0,0.0,100.0,0.0,75.43026706231454,,GO
Angola,AGO,2022,17.310000000000002,2980.0,0,0.0,100.0,0.0,75.5632582322357,,GO
Angola,AGO,2023,17.94,3000.0,0,0.0,100.0,0.0,76.42140468227426,,GO
Antigua and Barbuda,ATG,2020,0.35000000000000003,220.0,0,0.0,100.0,0.0,5.714285714285714,,GO
Antigua and Barbuda,ATG,2021,0.35000000000000003,220.0,0,0.0,100.0,0.0,5.714285714285714,,GO
Antigua and Barbuda,ATG,2022,0.36000000000000004,220.0,0,0.0,100.0,0.0,5.555555555555555,,GO
Antigua and Barbuda,ATG,2023,0.36000000000000004,220.0,0,0.0,100.0,0.0,5.555555555555555,,GO
Argentina,ARG,2020,144.64000000000001,57090.0,0.052249000000000004,0.03612347898230089,99.9638765210177,0.1426788640087384,25.31803097345133,,I-REC
Argentina,ARG,2021,153.15,62330.0,0.682293,0.4455063663075416,99.55449363369246,1.84204373650108,24.185439111981715,,I-REC
Argentina,ARG,2022,145.60999999999999,57180.0,0.865628309701,0.5944841080289816,99.40551589197102,2.047855002841259,29.02959961541103,,I-REC
Argentina,ARG,2023,148.56,52130.0,1.909102485203,1.2850716782464997,98.7149283217535,3.696229400199419,34.76709746903609,,I-REC
Argentina,ARG,2024,152.51,52590.0,2.3809937220729998,1.56120498463904,98.43879501536097,4.5404151832055675,34.38463051603174,,I-REC
Armenia,ARM,2020,7.64,1920.0,0,0.0,100.0,0.0,25.13089005235602,,GO
Armenia,ARM,2021,7.72,2050.0,0,0.0,100.0,0.0,32.2538860103627,,GO
Armenia,ARM,2022,9.879999999999999,2380.0,0,0.0,100.0,0.0,34.10931174089069,,GO
Armenia,ARM,2023,8.65,2270.0,0,0.0,100.0,0.0,27.97687861271676,,GO
Armenia,ARM,2024,8.870000000000001,2160.0,0,0.0,100.0,0.0,30.101465614430662,,GO
Aruba,ABW,2020,0.99,540.0,0,0.0,100.0,0.0,17.171717171717173,,GO
Aruba,ABW,2021,1.0,550.0,0,0.0,100.0,0.0,17.0,,GO
Aruba,ABW,2022,1.0,550.0,0,0.0,100.0,0.0,17.0,,GO
Australia,AUS,2020,265.15,170310.0,88.675359,33.44346935696776,66.55653064303223,134.7984271935283,24.242881387893647,,GO
Australia,AUS,2021,267.45,162050.0,39.872599,14.908431108618434,85.09156889138157,49.96979293386826,28.891381566647972,,I-REC
Australia,AUS,2022,272.92,157710.0,47.6689516232,17.466272762421223,82.53372723757877,53.16672418023788,32.03869265718892,,I-REC
Australia,AUS,2023,273.11,152050.0,52.122617858,19.0848441499762,80.91515585002381,53.623938001472595,34.810149756508366,,I-REC
Australia,AUS,2024,281.64,155960.0,48.7866842313,17.322356281529615,82.67764371847039,48.354489554914466,35.07669365146996,,I-REC
Austria,AUT,2020,69.04,9210.0,58.067795,84.10746668597912,15.89253331402088,86.17389029231325,80.2723059096176,,GO
Austria,AUT,2021,66.81,9030.0,49.379761,73.91073342314026,26.089266576859742,86.99418116490165,79.14982787007933,,GO
Austria,AUT,2022,64.50999999999999,9100.0,46.99922299999999,72.8557169431096,27.1442830568904,87.92024196747322,78.1584250503798,,GO
Austria,AUT,2023,70.78,7900.0,51.295184,72.47129697654704,27.528703023452962,79.5971230820547,84.7131958180277,,GO
Austria,AUT,2024,78.55,8070.0,61.817272,78.69799108847869,21.302008911521312,87.4378887094406,86.70910248249523,,GO
Azerbaijan,AZE,2020,25.75,17510.0,0,0.0,100.0,0.0,5.126213592233011,,GO
Azerbaijan,AZE,2021,27.790000000000003,18790.0,0,0.0,100.0,0.0,5.469593378913278,,GO
Azerbaijan,AZE,2022,28.940000000000005,19430.0,0,0.0,100.0,0.0,6.357982031789911,,GO
Azerbaijan,AZE,2023,29.089999999999996,19490.0,0,0.0,100.0,0.0,6.531454107940875,,GO
Azerbaijan,AZE,2024,28.03,17740.0,0,0.0,100.0,0.0,11.951480556546555,,GO
Bahamas,BHS,2020,2.03,1330.0,0,0.0,100.0,0.0,0.4926108374384237,,GO
Bahamas,BHS,2021,2.0399999999999996,1340.0,0,0.0,100.0,0.0,0.49019607843137264,,GO
Bahamas,BHS,2022,2.05,1340.0,0,0.0,100.0,0.0,0.9756097560975612,,GO
Bahrain,BHR,2020,33.38,30180.0,0,0.0,100.0,0.0,0.05991611743559017,,GO
Bahrain,BHR,2021,33.91,30640.0,0,0.0,100.0,0.0,0.11795930404010618,,GO
Bahrain,BHR,2022,35.68,32210.0,0,0.0,100.0,0.0,0.2242152466367713,,GO
Bahrain,BHR,2023,36.17,32640.0,0,0.0,100.0,0.0,0.24882499308819464,,GO
Bangladesh,BGD,2020,85.46,58020.0,0.046222,0.054086122162415165,99.94591387783758,3.6977599999999997,1.4626725953662534,,GO
Bangladesh,BGD,2021,95.65,64950.0,0.046942,0.04907684265551489,99.95092315734449,3.4771851851851854,1.4113957135389439,,GO
Bangladesh,BGD,2022,102.25,69170.0,0.0579510642,0.056675857408312956,99.94332414259169,3.6447210188679238,1.5550122249388754,,I-REC
Bangladesh,BGD,2023,106.16,72520.0,0.47324030109899995,0.44578023841277314,99.55421976158723,27.513970994127902,1.620195930670686,,I-REC
Bangladesh,BGD,2024,113.86,79090.0,0.876263140763,0.7695969969813807,99.23040300301862,37.93346929709957,2.028807307219392,,I-REC
Barbados,BRB,2020,1.06,650.0,0,0.0,100.0,0.0,6.60377358490566,,GO
Barbados,BRB,2021,1.06,640.0,0,0.0,100.0,0.0,7.547169811320755,,GO
Barbados,BRB,2022,1.09,660.0,0,0.0,100.0,0.0,7.339449541284402,,GO
Barbados,BRB,2023,1.1,660.0,0,0.0,100.0,0.0,8.18181818181818,,GO
Belarus,BLR,2020,38.53999999999999,19220.0,0,0.0,100.0,0.0,3.5028541774779454,,GO
Belarus,BLR,2021,41.24999999999999,17870.0,0,0.0,100.0,0.0,3.0787878787878795,,GO
Belarus,BLR,2022,37.18,16330.0,0,0.0,100.0,0.0,3.388918773534158,,GO
Belarus,BLR,2023,43.58,15880.0,0,0.0,100.0,0.0,3.0748049564020197,,GO
Belarus,BLR,2024,45.67,14780.0,0,0.0,100.0,0.0,3.1530545215677686,,GO
Belgium,BEL,2020,88.29,14710.0,7.01006,7.9398119832370595,92.06018801676294,29.893646055437095,26.560199343073965,,GO
Belgium,BEL,2021,99.39,13100.0,6.17283,6.210715363718684,93.78928463628131,27.145250659630605,22.879565348626624,,GO
Belgium,BEL,2022,94.33,13150.0,6.573768,6.9689049083006465,93.03109509169936,26.908587801882934,25.898441641047388,,GO
Belgium,BEL,2023,82.2,11090.0,8.449099,10.278709245742093,89.72129075425791,30.73517279010549,33.442822384428226,,GO
Belgium,BEL,2024,75.58,9100.0,6.799174,8.995996295316221,91.00400370468378,25.172802665679377,35.736967451706796,,GO
Belgium (Brussels),BEL,2020,0.0,0.0,0.142964,,100.0,,,,GO
Belgium (Brussels),BEL,2021,0.0,0.0,0.09086,,100.0,,,,GO
Belgium (Brussels),BEL,2022,0.0,0.0,0.083195,,100.0,,,,GO
Belgium (Brussels),BEL,2023,0.0,0.0,0.175533,,100.0,,,,GO
Belgium (Brussels),BEL,2024,0.0,0.0,0.126481,,100.0,,,,GO
Belgium (Flanders),BEL,2020,0.0,0.0,4.599003,,100.0,,,,GO
Belgium (Flanders),BEL,2021,0.0,0.0,3.283273,,100.0,,,,GO
Belgium (Flanders),BEL,2022,0.0,0.0,4.166749,,100.0,,,,GO
Belgium (Flanders),BEL,2023,0.0,0.0,5.714836,,100.0,,,,GO
Belgium (Flanders),BEL,2024,0.0,0.0,4.585922,,100.0,,,,GO
Belgium (Wallonia),BEL,2020,0.0,0.0,3.550236,,100.0,,,,GO
Belgium (Wallonia),BEL,2021,0.0,0.0,2.6486370000000004,,100.0,,,,GO
Belgium (Wallonia),BEL,2022,0.0,0.0,2.6621170000000003,,100.0,,,,GO
Belgium (Wallonia),BEL,2023,0.0,0.0,7.685747999999999,,100.0,,,,GO
Belgium (Wallonia),BEL,2024,0.0,0.0,4.188891,,100.0,,,,GO
Belize,BLZ,2020,0.44,70.0,0,0.0,100.0,0.0,88.63636363636364,,GO
Belize,BLZ,2021,0.36000000000000004,60.0,0,0.0,100.0,0.0,86.11111111111111,,GO
Belize,BLZ,2022,0.47,80.0,0,0.0,100.0,0.0,87.2340425531915,,GO
Belize,BLZ,2023,0.45,70.0,0,0.0,100.0,0.0,88.8888888888889,,GO
Benin,BEN,2020,0.99,590.0,0,0.0,100.0,0.0,1.0101010101010102,,GO
Benin,BEN,2021,1.1300000000000001,660.0,0,0.0,100.0,0.0,1.7699115044247788,,GO
Benin,BEN,2022,0.99,590.0,0,0.0,100.0,0.0,2.0202020202020203,,GO
Benin,BEN,2023,1.0,590.0,0,0.0,100.0,0.0,3.0,,GO
Bermuda,BMU,2020,0.59,380.0,0,0.0,100.0,0.0,1.694915254237288,,GO
Bermuda,BMU,2021,0.59,380.0,0,0.0,100.0,0.0,1.694915254237288,,GO
Bermuda,BMU,2022,0.63,410.0,0,0.0,100.0,0.0,1.5873015873015872,,GO
Bermuda,BMU,2023,0.64,410.0,0,0.0,100.0,0.0,1.5625,,GO
Bhutan,BTN,2020,11.37,270.0,0,0.0,100.0,0.0,100.0,,GO
Bhutan,BTN,2021,10.82,260.0,0,0.0,100.0,0.0,100.0,,GO
Bhutan,BTN,2022,10.77,260.0,0,0.0,100.0,0.0,100.0,,GO
Bhutan,BTN,2023,11.16,270.0,0,0.0,100.0,0.0,100.0,,GO
Bolivia,BOL,2020,10.27,4970.0,0,0.0,100.0,0.0,35.63777994157741,,GO
Bolivia,BOL,2021,10.870000000000001,5080.0,0,0.0,100.0,0.0,38.45446182152713,,GO
Bolivia,BOL,2022,11.67,5670.0,0,0.0,100.0,0.0,35.732647814910024,,GO
Bolivia,BOL,2023,11.94,5840.0,0,0.0,100.0,0.0,35.00837520938024,,GO
Bolivia,BOL,2024,12.35,5780.0,0,0.0,100.0,0.0,37.9757085020243,,GO
Bosnia Herzegovina,BIH,2020,16.79,11940.0,0,0.0,100.0,0.0,29.184038117927336,,GO
Bosnia Herzegovina,BIH,2021,18.41,11340.0,0,0.0,100.0,0.0,39.00054318305269,,GO
Bosnia Herzegovina,BIH,2022,16.35,11170.0,0,0.0,100.0,0.0,32.04892966360856,,GO
Bosnia Herzegovina,BIH,2023,16.87,10330.0,0,0.0,100.0,0.0,39.181979845880264,,GO
Bosnia Herzegovina,BIH,2024,15.159999999999998,9680.0,0,0.0,100.0,0.0,36.477572559366756,,GO
Botswana,BWA,2020,2.18,1850.0,0,0.0,100.0,0.0,0.45871559633027514,,GO
Botswana,BWA,2021,2.49,2110.0,0,0.0,100.0,0.0,0.4016064257028112,,GO
Botswana,BWA,2022,2.56,2170.0,0,0.0,100.0,0.0,0.390625,,GO
Botswana,BWA,2023,2.59,2200.0,0,0.0,100.0,0.0,0.3861003861003861,,GO
Brazil,BRA,2020,628.76,83850.0,7.661599,1.2185251924422673,98.78147480755773,1.465157002983248,83.16686812138177,,I-REC
Brazil,BRA,2021,656.4,110320.0,20.828561999999998,3.173150822669104,96.8268491773309,4.101160139405753,77.37202925045705,,I-REC
Brazil,BRA,2022,677.16,70010.0,34.63779368478399,5.11515648957174,94.88484351042825,5.832358464494098,87.7030539311241,,I-REC
Brazil,BRA,2023,708.12,68160.0,51.27437293851,7.2409157965471955,92.7590842034528,8.136335539838779,88.99480314071062,,I-REC
Brazil,BRA,2024,745.72,79090.0,62.750608828352,8.414768120521375,91.58523187947863,9.635262234491908,87.33304725634285,,I-REC
British Virgin Islands,VGB,2020,0.16,110.0,0,0.0,100.0,,0.0,,GO
British Virgin Islands,VGB,2021,0.17,110.0,0,0.0,100.0,,0.0,,GO
British Virgin Islands,VGB,2022,0.17,110.0,0,0.0,100.0,,0.0,,GO
British Virgin Islands,VGB,2023,0.17,110.0,0,0.0,100.0,,0.0,,GO
Brunei,BRN,2020,5.74,5140.0,0,0.0,100.0,,0.0,,GO
Brunei,BRN,2021,5.7,5100.0,0.001744,0.030596491228070177,99.96940350877193,,0.0,,I-REC
Brunei,BRN,2022,5.6,5000.0,0.0044203765,0.07893529464285715,99.92106470535714,,0.0,,I-REC
Brunei,BRN,2023,5.59,4990.0,0.005081778005,0.0909083721824687,99.90909162781753,,0.0,,I-REC
Brunei,BRN,2024,0.0,0.0,0.0022397759999999997,,100.0,,,,I-REC
Bulgaria,BGR,2020,40.14,15410.0,0,0.0,100.0,0.0,18.609865470852014,,GO
Bulgaria,BGR,2021,47.22,19610.0,0,0.0,100.0,0.0,21.83396865734858,,GO
Bulgaria,BGR,2022,50.28,23950.0,0,0.0,100.0,0.0,19.1527446300716,,GO
Bulgaria,BGR,2023,40.11,13560.0,0,0.0,100.0,0.0,25.13089005235602,,GO
Bulgaria,BGR,2024,37.14,9810.0,0,0.0,100.0,0.0,31.09854604200323,,GO
Burkina Faso,BFA,2020,1.59,870.0,0,0.0,100.0,0.0,18.867924528301888,,GO
Burkina Faso,BFA,2021,1.71,940.0,0,0.0,100.0,0.0,18.128654970760234,,GO
Burkina Faso,BFA,2022,1.69,960.0,0,0.0,100.0,0.0,15.384615384615385,,GO
Burkina Faso,BFA,2023,1.73,960.0,0.056503,3.26606936416185,96.73393063583815,18.834333333333333,17.341040462427745,,I-REC
Burkina Faso,BFA,2024,0.0,0.0,0.108181,,100.0,,,,I-REC
Burundi,BDI,2020,0.37,70.0,0,0.0,100.0,0.0,75.67567567567568,,GO
Burundi,BDI,2021,0.39,90.0,0,0.0,100.0,0.0,69.23076923076923,,GO
Burundi,BDI,2022,0.39,90.0,0,0.0,100.0,0.0,69.23076923076923,,GO
Burundi,BDI,2023,0.39,90.0,0,0.0,100.0,0.0,69.23076923076923,,GO
Cabo Verde,CPV,2020,0.42,230.0,0,0.0,100.0,0.0,16.666666666666664,,GO
Cabo Verde,CPV,2021,0.43,230.0,0,0.0,100.0,0.0,18.6046511627907,,GO
Cabo Verde,CPV,2022,0.5,240.0,0,0.0,100.0,0.0,28.000000000000004,,GO
Cambodia,KHM,2020,8.96,3930.0,0,0.0,100.0,0.0,49.44196428571428,,GO
Cambodia,KHM,2021,10.08,3590.0,0.055397,0.5495734126984126,99.45042658730159,0.9341821247892075,58.82936507936508,,I-REC
Cambodia,KHM,2022,10.649999999999999,3250.0,0.113302339995,1.0638717370422537,98.93612826295775,1.6420628984782608,64.7887323943662,,I-REC
Cambodia,KHM,2023,13.77,6480.0,0.11401093,0.8279660856935368,99.17203391430647,1.859884665579119,44.517066085693536,,I-REC
Cambodia,KHM,2024,15.719999999999999,7820.0,0.049370078,0.3140590203562341,99.68594097964376,0.7714074687499999,40.712468193384225,,I-REC
Cameroon,CMR,2020,8.8,2820.0,0,0.0,100.0,0.0,60.11363636363636,,GO
Cameroon,CMR,2021,8.41,2510.0,0,0.0,100.0,0.0,62.9013079667063,,GO
Cameroon,CMR,2022,8.15,2290.0,0,0.0,100.0,0.0,64.9079754601227,,GO
Cameroon,CMR,2023,8.33,2380.0,0,0.0,100.0,0.0,63.86554621848739,,GO
Canada,CAN,2020,655.89,106050.0,0,0.0,100.0,0.0,66.59500830932016,,GO
Canada,CAN,2021,652.4,107890.0,0,0.0,100.0,0.0,66.73666462293073,,GO
Canada,CAN,2022,664.08,106650.0,0,0.0,100.0,0.0,68.1348632694856,,GO
Canada,CAN,2023,641.39,111750.0,0,0.0,100.0,0.0,65.39702832909774,,GO
Canada,CAN,2024,636.79,117800.0,0,0.0,100.0,0.0,64.27236608615084,,GO
Cayman Islands,CYM,2020,0.6900000000000001,440.0,0,0.0,100.0,0.0,2.8985507246376807,,GO
Cayman Islands,CYM,2021,0.7000000000000001,450.0,0,0.0,100.0,0.0,2.857142857142857,,GO
Cayman Islands,CYM,2022,0.7000000000000001,450.0,0,0.0,100.0,0.0,2.857142857142857,,GO
Cayman Islands,CYM,2023,0.7000000000000001,450.0,0,0.0,100.0,0.0,2.857142857142857,,GO
Central African Republic,CAF,2020,0.15,0.0,0,0.0,100.0,0.0,100.0,,GO
Central African Republic,CAF,2021,0.15,0.0,0,0.0,100.0,0.0,100.0,,GO
Central African Republic,CAF,2022,0.14,0.0,0,0.0,100.0,0.0,100.0,,GO
Chad,TCD,2020,0.35000000000000003,220.0,0,0.0,100.0,0.0,5.714285714285714,,GO
Chad,TCD,2021,0.43,270.0,0,0.0,100.0,0.0,4.651162790697675,,GO
Chad,TCD,2022,0.39,240.0,0,0.0,100.0,0.0,5.128205128205128,,GO
Chad,TCD,2023,0.0,0.0,0.000926,,100.0,,,,I-REC
Chad,TCD,2024,0.0,0.0,0.000237,,100.0,,,,I-REC
Chile,CHL,2020,83.58,36510.0,1.9032330000000002,2.2771392677674087,97.72286073223259,4.70050135836009,48.444603972242156,,I-REC
Chile,CHL,2021,87.13,37070.0,12.122752999999998,13.913408699644208,86.08659130035579,28.146628743905268,49.431883392631704,,I-REC
Chile,CHL,2022,91.04,33940.0,17.937950467489,19.703372657610938,80.29662734238906,35.61236940140758,55.32732864674868,,I-REC
Chile,CHL,2023,87.67,26470.0,23.813945852029,27.1631639694639,72.8368360305361,42.1784375700124,64.40059313334093,,I-REC
Chile,CHL,2024,89.26,23700.0,25.125465518883,28.14862818606655,71.85137181393345,40.27162288649303,69.89693031593099,,I-REC
China,CHN,2020,7779.07,4716070.0,14.608414,0.18779126553688297,99.81220873446311,0.6685742399348286,28.088319040707955,,I-REC
China,CHN,2021,8534.26,5112020.0,67.609162,0.7922088382589701,99.20779116174103,2.7609099150604375,28.693759037104567,,I-REC
China,CHN,2022,8848.710000000001,5192020.0,72.30610016050099,0.8171371890422557,99.18286281095774,2.7074243879977606,30.18134846774275,,I-REC
China,CHN,2023,9456.449999999999,5518550.0,62.548253507690006,0.6614348249891875,99.33856517501081,2.1611437108336617,30.605777009342834,,I-REC
China,CHN,2024,10086.880000000001,5623470.0,49.317688405224,0.4889290683067905,99.51107093169321,1.4510195686522716,33.69555303522992,,I-REC
Colombia,COL,2020,77.75,21090.0,3.3219450200000002,4.272598096463023,95.72740190353697,6.540549360110259,65.32475884244371,,I-REC
Colombia,COL,2021,84.36,16520.0,4.260985658,5.050955023707918,94.94904497629209,6.728226208747828,75.07112375533428,,I-REC
Colombia,COL,2022,82.86,16750.0,7.61198938673,9.186566964433986,90.81343303556602,12.35511992652167,74.35433260922038,,I-REC
Colombia,COL,2023,90.42,24320.0,8.203483512139998,9.072642680977658,90.92735731902235,13.752696583637883,65.96991815969918,,I-REC
Colombia,COL,2024,87.51,25010.0,8.37639233455,9.571925876528395,90.4280741234716,14.872855707652697,64.35835904468061,,I-REC
Comoros,COM,2020,0.13,90.0,0,0.0,100.0,,0.0,,GO
Comoros,COM,2021,0.13,90.0,0,0.0,100.0,,0.0,,GO
Comoros,COM,2022,0.14,90.0,0,0.0,100.0,,0.0,,GO
Comoros,COM,2023,0.14,90.0,0,0.0,100.0,,0.0,,GO
Congo,COG,2020,3.9800000000000004,2650.0,0,0.0,100.0,0.0,26.38190954773869,,GO
Congo,COG,2021,4.08,2740.0,0,0.0,100.0,0.0,25.73529411764706,,GO
Congo,COG,2022,4.92,3490.0,0,0.0,100.0,0.0,21.34146341463415,,GO
Congo,COG,2023,5.17,3690.0,0,0.0,100.0,0.0,20.6963249516441,,GO
"Congo, DRC",COD,2020,12.509999999999998,320.0,0.000326,0.0026059152677857717,99.99739408473222,0.0026080000000000005,99.92006394884093,,I-REC
"Congo, DRC",COD,2021,14.21,370.0,0.0012360000000000001,0.008698099929627024,99.99130190007037,0.008698099929627024,100.0,,I-REC
"Congo, DRC",COD,2022,15.329999999999998,420.0,0.0016467790000000001,0.010742198303979128,99.98925780169603,0.010742198303979128,100.0,,I-REC
"Congo, DRC",COD,2023,15.899999999999999,430.0,0.00299415293,0.018831150503144656,99.98116884949685,0.018831150503144656,100.0,,I-REC
"Congo, DRC",COD,2024,0.0,0.0,0.0046143856100000005,,100.0,,,,I-REC
Cook Islands,COK,2020,0.04,20.0,0,0.0,100.0,0.0,25.0,,GO
Cook Islands,COK,2021,0.04,10.0,0,0.0,100.0,0.0,50.0,,GO
Cook Islands,COK,2022,0.04,10.0,0,0.0,100.0,0.0,50.0,,GO
Costa Rica,CRI,2020,11.719999999999999,320.0,0.003139,0.026783276450511945,99.97321672354948,0.02682905982905983,99.82935153583618,,I-REC
Costa Rica,CRI,2021,12.729999999999999,330.0,0.165633,1.301123330714847,98.69887666928516,1.301123330714847,100.0,,I-REC
Costa Rica,CRI,2022,12.44,300.0,0.173265321,1.3928080466237942,98.6071919533762,1.3928080466237942,100.00000000000003,,I-REC
Costa Rica,CRI,2023,11.709999999999999,290.0,0.18171787710600001,1.5518179086763453,98.44818209132366,1.553144248769231,99.91460290350128,,I-REC
Costa Rica,CRI,2024,12.38,780.0,0.297743281709,2.405034585694669,97.59496541430534,2.557931973445017,94.02261712439419,,I-REC
Croatia,HRV,2020,13.23,3000.0,6.654121,50.295699168556304,49.704300831443696,77.82597660818713,64.62585034013605,,GO
Croatia,HRV,2021,15.11,3180.0,8.616303,57.02384513567175,42.97615486432825,81.82623931623931,69.68894771674388,,GO
Croatia,HRV,2022,14.1,3450.0,6.536598,46.35885106382979,53.64114893617021,73.03461452513965,63.47517730496455,,GO
Croatia,HRV,2023,17.23,3400.0,9.091122,52.76333139872315,47.23666860127685,75.63329450915141,69.76204294834591,,GO
Croatia,HRV,2024,15.36,2680.0,8.170189,53.19133463541667,46.80866536458333,73.01330652368185,72.85156250000001,,GO
Cuba,CUB,2020,19.029999999999998,12160.0,0,0.0,100.0,0.0,4.729374671571204,,GO
Cuba,CUB,2021,17.83,11390.0,0,0.0,100.0,0.0,4.43073471676949,,GO
Cuba,CUB,2022,15.649999999999999,10020.0,0,0.0,100.0,0.0,4.281150159744409,,GO
Cuba,CUB,2023,15.290000000000001,9770.0,0,0.0,100.0,0.0,4.708960104643557,,GO
Czech Republic,CZE,2020,0.0,0.0,5.941597,,100.0,,,,GO
Czech Republic,CZE,2021,0.0,0.0,6.068299,,100.0,,,,GO
Czech Republic,CZE,2022,0.0,0.0,6.27891,,100.0,,,,GO
Czech Republic,CZE,2023,0.0,0.0,7.615198,,100.0,,,,GO
Czech Republic,CZE,2024,0.0,0.0,5.689099000000001,,100.0,,,,GO
Czechia,CZE,2020,80.10000000000001,36860.0,0,0.0,100.0,0.0,12.908863920099872,,GO
Czechia,CZE,2021,83.66,39470.0,0,0.0,100.0,0.0,12.71814487210136,,GO
Czechia,CZE,2022,83.72999999999999,40890.0,0,0.0,100.0,0.0,12.862773199570048,,GO
Czechia,CZE,2023,75.81,33550.0,0,0.0,100.0,0.0,14.707822187046565,,GO
Czechia,CZE,2024,73.02,30220.0,0,0.0,100.0,0.0,17.104902766365377,,GO
Côte d'Ivoire,CIV,2020,11.26,4460.0,0,0.0,100.0,0.0,30.550621669627,,GO
Côte d'Ivoire,CIV,2021,11.35,4900.0,0,0.0,100.0,0.0,23.876651982378856,,GO
Côte d'Ivoire,CIV,2022,12.610000000000001,5210.0,0,0.0,100.0,0.0,27.359238699444884,,GO
Côte d'Ivoire,CIV,2023,11.13,4380.0,0,0.0,100.0,0.0,31.08715184186882,,GO
Denmark,DNK,2020,28.58,5400.0,21.577681000000002,75.49923372988104,24.50076627011896,92.01569722814502,82.05038488453464,,GO
Denmark,DNK,2021,32.92,7340.0,22.383448,67.99346294046173,32.006537059538275,85.76033716475095,79.28311057108141,,GO
Denmark,DNK,2022,34.99,7040.0,25.376587,72.52525578736781,27.47474421263219,89.00942476324096,81.48042297799371,,GO
Denmark,DNK,2023,33.71,5050.0,26.15162,77.57822604568378,22.421773954316222,89.16338220252301,87.00682290121627,,GO
Denmark,DNK,2024,35.44,5070.0,29.079606,82.05306433408578,17.946935665914225,93.17400192246073,88.06433408577878,,GO
Djibouti,DJI,2020,0.13,90.0,0,0.0,100.0,,0.0,,GO
Djibouti,DJI,2021,0.2,90.0,0,0.0,100.0,0.0,35.0,,GO
Djibouti,DJI,2022,0.2,90.0,0,0.0,100.0,0.0,35.0,,GO
Djibouti,DJI,2023,0.2,90.0,0,0.0,100.0,0.0,35.0,,GO
Dominica,DMA,2020,0.13999999999999999,80.0,0,0.0,100.0,0.0,14.285714285714288,,GO
Dominica,DMA,2021,0.13999999999999999,80.0,0,0.0,100.0,0.0,14.285714285714288,,GO
Dominica,DMA,2022,0.15,90.0,0,0.0,100.0,0.0,13.333333333333334,,GO
Dominica,DMA,2023,0.15,90.0,0,0.0,100.0,0.0,13.333333333333334,,GO
Dominican Rep,DOM,2020,19.490000000000002,11330.0,0,0.0,100.0,0.0,16.162134427911752,,GO
Dominican Rep,DOM,2021,21.43,11970.0,0.053042,0.2475128324778348,99.75248716752216,1.3921784776902888,17.77881474568362,,I-REC
Dominican Rep,DOM,2022,22.169999999999998,12860.0,0.31199486230499995,1.4072839977672529,98.59271600223275,7.628236242176039,18.44835363103293,,I-REC
Dominican Rep,DOM,2023,24.56,14230.0,0.291381836053,1.1864081272516287,98.81359187274838,6.872213114457547,17.26384364820847,,I-REC
Dominican Rep,DOM,2024,25.939999999999998,14680.0,0.44199631272500006,1.70391793648805,98.29608206351195,9.18911253066528,18.542791056283736,,I-REC
Ecuador,ECU,2020,31.29,4990.0,0,0.0,100.0,0.0,79.64205816554808,,GO
Ecuador,ECU,2021,32.12,4790.0,0,0.0,100.0,0.0,81.19551681195517,,GO
Ecuador,ECU,2022,33.06,5990.0,0,0.0,100.0,0.0,76.01330913490622,,GO
Ecuador,ECU,2023,34.15,6020.0,0.13723254950000002,0.40185226793557843,99.59814773206442,0.5233888234172389,76.77891654465593,,I-REC
Ecuador,ECU,2024,33.0,6920.0,0.18196925583999998,0.5514219873939394,99.44857801260606,0.7694260289217759,71.66666666666667,,I-REC
Egypt,EGY,2020,198.60000000000002,113020.0,0.060469999999999996,0.030448136958710972,99.96955186304129,0.25450336700336695,11.963746223564954,,I-REC
Egypt,EGY,2021,209.66,119100.0,0.259287,0.12367022798817132,99.87632977201183,1.0224250788643534,12.095774110464562,,I-REC
Egypt,EGY,2022,216.72,123540.0,0.5486332175359999,0.2531530165817644,99.74684698341824,2.1422616850292853,11.817091177556293,,I-REC
Egypt,EGY,2023,221.92000000000002,126780.0,0.776313690242,0.34981691160868783,99.65018308839132,2.989271044443589,11.70241528478731,,I-REC
Egypt,EGY,2024,237.39,136380.0,0.9550475099900001,0.40231160115843134,99.59768839884157,3.5931057561700537,11.196764817389107,,I-REC
El Salvador,SLV,2020,6.33,970.0,0.124016,1.9591785150078989,98.04082148499211,2.3180560747663552,84.51816745655607,,I-REC
El Salvador,SLV,2021,6.48,990.0,0.00359,0.055401234567901234,99.9445987654321,0.06539162112932603,84.72222222222221,,I-REC
El Salvador,SLV,2022,6.64,750.0,0.092341444,1.3906843975903616,98.60931560240964,1.531367230514096,90.81325301204821,,I-REC
El Salvador,SLV,2023,6.5,770.0,0.02592374,0.3988267692307692,99.60117323076923,0.4401314091680816,90.61538461538461,,I-REC
El Salvador,SLV,2024,7.05,700.0,0.690740271292,9.797734344567376,90.20226565543263,10.513550552389649,93.19148936170212,,I-REC
Equatorial Guinea,GNQ,2020,1.41,810.0,0,0.0,100.0,0.0,34.751773049645394,,GO
Equatorial Guinea,GNQ,2021,1.43,850.0,0,0.0,100.0,0.0,32.86713286713287,,GO
Equatorial Guinea,GNQ,2022,1.51,910.0,0,0.0,100.0,0.0,31.788079470198678,,GO
Equatorial Guinea,GNQ,2023,1.57,950.0,0,0.0,100.0,0.0,31.210191082802545,,GO
Eritrea,ERI,2020,0.41,240.0,0,0.0,100.0,0.0,12.195121951219514,,GO
Eritrea,ERI,2021,0.42,240.0,0,0.0,100.0,0.0,11.904761904761905,,GO
Eritrea,ERI,2022,0.44,260.0,0,0.0,100.0,0.0,11.363636363636365,,GO
Eritrea,ERI,2023,0.44,260.0,0,0.0,100.0,0.0,11.363636363636365,,GO
Estonia,EST,2020,6.08,2460.0,2.3044189999999998,37.901628289473685,62.098371710526315,76.55946127946129,48.84868421052631,,GO
Estonia,EST,2021,7.19,3240.0,2.31822,32.242280945758,67.757719054242,80.34010452961672,39.91655076495132,,GO
Estonia,EST,2022,8.94,4360.0,2.4159619999999995,27.024183445190154,72.97581655480985,83.22989510489509,31.991051454138702,,GO
Estonia,EST,2023,5.85,2270.0,2.195782,37.53473504273504,62.46526495726496,75.49549828178695,49.74358974358975,,GO
Estonia,EST,2024,6.08,2080.0,2.7565280000000003,45.337631578947374,54.662368421052626,79.80243478260869,56.74342105263158,,GO
Eswatini,SWZ,2020,0.49,80.0,0,0.0,100.0,0.0,95.91836734693877,,GO
Eswatini,SWZ,2021,0.51,70.0,0,0.0,100.0,0.0,96.078431372549,,GO
Eswatini,SWZ,2022,0.5499999999999999,70.0,0,0.0,100.0,0.0,96.36363636363639,,GO
Eswatini,SWZ,2023,0.5599999999999999,80.0,0,0.0,100.0,0.0,96.42857142857144,,GO
Ethiopia,ETH,2020,15.62,380.0,0,0.0,100.0,0.0,99.9359795134443,,GO
Ethiopia,ETH,2021,15.78,360.0,0,0.0,100.0,0.0,100.0,,GO
Ethiopia,ETH,2022,17.41,410.0,0,0.0,100.0,0.0,100.0,,GO
Ethiopia,ETH,2023,18.26,430.0,0,0.0,100.0,0.0,100.0,,GO
Ethiopia,ETH,2024,0.0,0.0,0.0001002,,100.0,,,,I-REC
Falkland Islands,FLK,2020,0.01,10.0,0,0.0,100.0,,0.0,,GO
Falkland Islands,FLK,2021,0.01,10.0,0,0.0,100.0,,0.0,,GO
Falkland Islands,FLK,2022,0.01,10.0,0,0.0,100.0,,0.0,,GO
Faroe Islands,FRO,2020,0.41,160.0,0,0.0,100.0,0.0,39.02439024390244,,GO
Faroe Islands,FRO,2021,0.43,170.0,0,0.0,100.0,0.0,39.53488372093023,,GO
Faroe Islands,FRO,2022,0.48,170.0,0,0.0,100.0,0.0,45.833333333333336,,GO
Fiji,FJI,2020,1.08,290.0,0,0.0,100.0,0.0,62.96296296296296,,GO
Fiji,FJI,2021,1.06,290.0,0,0.0,100.0,0.0,62.264150943396224,,GO
Fiji,FJI,2022,1.07,300.0,0,0.0,100.0,0.0,60.747663551401864,,GO
Fiji,FJI,2023,1.15,320.0,0,0.0,100.0,0.0,63.47826086956522,,GO
Finland,FIN,2020,69.24000000000001,9010.0,31.816663,45.95127527440785,54.04872472559215,88.55180350681881,51.89196995956094,,GO
Finland,FIN,2021,72.11,9770.0,33.628878,46.63552627929552,53.36447372070448,88.07982713462546,52.94688670087366,,GO
Finland,FIN,2022,72.17,9370.0,47.536644,65.86759595399751,34.13240404600249,89.04763321262288,53.56796452819731,,GO
Finland,FIN,2023,81.41,6630.0,70.930671,87.1277128116939,12.872287188306103,90.70672908272103,51.82410023338656,,GO
Finland,FIN,2024,83.6,6040.0,66.389041,79.41272846889953,20.58727153110047,88.85723936973882,55.418660287081345,,GO
France,FRA,2020,527.42,31160.0,77.745187,14.740659626104435,85.25934037389557,62.28876437699681,23.738197262144023,,GO
France,FRA,2021,550.45,32910.0,78.42647300000002,14.247701516940687,85.75229848305932,64.15800654396729,22.209101644109364,,GO
France,FRA,2022,468.49000000000007,36800.0,90.281485,19.270738969881958,80.72926103011804,79.59941186844193,24.207560460201925,,GO
France,FRA,2023,517.59,28610.0,109.66523699999999,21.18766533356517,78.81233466643482,80.04177578278957,26.47075870863038,,GO
France,FRA,2024,557.56,24620.0,129.739859,23.269219276849128,76.73078072315087,87.50205856194843,26.216012626443792,,GO
French Guiana,GUF,2020,0.99,320.0,0,0.0,100.0,0.0,52.52525252525253,,GO
French Guiana,GUF,2021,1.01,220.0,0,0.0,100.0,0.0,69.3069306930693,,GO
French Guiana,GUF,2022,0.9800000000000001,200.0,0,0.0,100.0,0.0,71.42857142857143,,GO
French Polynesia,PYF,2020,0.66,300.0,0,0.0,100.0,0.0,30.303030303030305,,GO
French Polynesia,PYF,2021,0.66,310.0,0,0.0,100.0,0.0,28.787878787878785,,GO
French Polynesia,PYF,2022,0.71,310.0,0,0.0,100.0,0.0,33.80281690140845,,GO
Gabon,GAB,2020,2.93,1240.0,0,0.0,100.0,0.0,48.805460750853236,,GO
Gabon,GAB,2021,2.96,1300.0,0,0.0,100.0,0.0,46.62162162162163,,GO
Gabon,GAB,2022,3.1900000000000004,1370.0,0,0.0,100.0,0.0,47.96238244514106,,GO
Gabon,GAB,2023,3.1900000000000004,1370.0,0,0.0,100.0,0.0,47.96238244514106,,GO
Gambia,GMB,2020,0.48,320.0,0,0.0,100.0,,0.0,,GO
Gambia,GMB,2021,0.5,330.0,0,0.0,100.0,,0.0,,GO
Gambia,GMB,2022,0.51,340.0,0,0.0,100.0,,0.0,,GO
Gambia,GMB,2023,0.51,340.0,0,0.0,100.0,,0.0,,GO
Georgia,GEO,2020,11.16,1960.0,0,0.0,100.0,0.0,74.73118279569893,,GO
Georgia,GEO,2021,12.639999999999999,1730.0,0,0.0,100.0,0.0,81.17088607594938,,GO
Georgia,GEO,2022,14.25,2380.0,0,0.0,100.0,0.0,76.21052631578948,,GO
Georgia,GEO,2023,14.399999999999999,2420.0,0,0.0,100.0,0.0,76.04166666666667,,GO
Georgia,GEO,2024,14.26,2040.0,0,0.0,100.0,0.0,80.15427769985975,,GO
Germany,DEU,2020,566.75,201570.0,14.681572000000001,2.5904846934274373,97.40951530657256,5.83783530160245,44.37406263784738,,GO
Germany,DEU,2021,578.8299999999999,228550.0,16.229358,2.8038211564708124,97.19617884352918,6.980369032258064,40.167233902873036,,GO
Germany,DEU,2022,566.88,238150.0,22.464475,3.9628272297488008,96.0371727702512,8.93077641726962,44.37270674569574,,GO
Germany,DEU,2023,498.30999999999995,184100.0,34.199255,6.863048102586744,93.13695189741325,12.790984403635411,53.65535510023881,,GO
Germany,DEU,2024,479.65,164070.0,44.180199,9.210924424059211,90.78907557594079,15.930551689323192,57.819243198165324,,GO
Ghana,GHA,2020,19.73,9060.0,0,0.0,100.0,0.0,37.354282818043586,,GO
Ghana,GHA,2021,22.080000000000002,10560.0,0,0.0,100.0,0.0,34.782608695652165,,GO
Ghana,GHA,2022,23.22,10900.0,0,0.0,100.0,0.0,36.04651162790697,,GO
Ghana,GHA,2023,24.29,11000.0,0.00047241000000000004,0.0019448744339234255,99.99805512556608,0.005047115384615385,38.53437628653767,,I-REC
Ghana,GHA,2024,0.0,0.0,0.00989809,,100.0,,,,I-REC
Gibraltar,GIB,2020,0.21,120.0,0,0.0,100.0,,0.0,,GO
Gibraltar,GIB,2021,0.23,130.0,0,0.0,100.0,,0.0,,GO
Gibraltar,GIB,2022,0.21,120.0,0,0.0,100.0,,0.0,,GO
Gibraltar,GIB,2023,0.22,130.0,0,0.0,100.0,,0.0,,GO
Greece,GRC,2020,47.510000000000005,20100.0,0,0.0,100.0,0.0,36.93959166491265,,GO
Greece,GRC,2021,54.239999999999995,20780.0,0,0.0,100.0,0.0,40.80014749262538,,GO
Greece,GRC,2022,51.67,19470.0,0,0.0,100.0,0.0,43.448809754209414,,GO
Greece,GRC,2023,48.83,16460.0,9.776123,20.020731107925457,79.97926889207454,40.26409802306425,49.723530616424334,,GO
Greece,GRC,2024,57.230000000000004,18300.0,28.780552999999998,50.28927660318014,49.71072339681986,94.01696309314586,49.711689673248294,,GO
Greenland,GRL,2020,0.52,70.0,0,0.0,100.0,0.0,82.6923076923077,,GO
Greenland,GRL,2021,0.51,60.0,0,0.0,100.0,0.0,84.31372549019608,,GO
Greenland,GRL,2022,0.54,60.0,0,0.0,100.0,0.0,87.03703703703702,,GO
Grenada,GRD,2020,0.22,140.0,0,0.0,100.0,,0.0,,GO
Grenada,GRD,2021,0.23,150.0,0,0.0,100.0,,0.0,,GO
Grenada,GRD,2022,0.24,160.0,0,0.0,100.0,,0.0,,GO
Guadeloupe,GLP,2020,1.7000000000000002,930.0,0,0.0,100.0,0.0,24.117647058823525,,GO
Guadeloupe,GLP,2021,1.66,830.0,0,0.0,100.0,0.0,33.734939759036145,,GO
Guadeloupe,GLP,2022,1.64,810.0,0,0.0,100.0,0.0,34.756097560975604,,GO
Guam,GUM,2020,1.71,1070.0,0,0.0,100.0,0.0,4.678362573099416,,GO
Guam,GUM,2021,1.74,1090.0,0,0.0,100.0,0.0,4.597701149425287,,GO
Guam,GUM,2022,1.7999999999999998,1100.0,0,0.0,100.0,0.0,7.7777777777777795,,GO
Guatemala,GTM,2020,12.42,3300.0,0.20235799999999998,1.6292914653784216,98.37070853462158,2.150456960680127,75.76489533011274,,I-REC
Guatemala,GTM,2021,15.47,4420.0,0.9320170000000001,6.024673561732385,93.97532643826762,8.197159190853123,73.49709114414998,,I-REC
Guatemala,GTM,2022,13.48,2580.0,1.405510112314,10.426632880667656,89.57336711933235,12.31823060748466,84.6439169139466,,I-REC
Guatemala,GTM,2023,13.46,3670.0,1.364898874603,10.140407686500742,89.85959231349926,13.608164253270191,74.51708766716195,,I-REC
Guatemala,GTM,2024,0.0,0.0,1.757121462655,,100.0,,,,I-REC
Guinea,GIN,2020,2.48,680.0,0,0.0,100.0,0.0,60.88709677419355,,GO
Guinea,GIN,2021,3.64,700.0,0,0.0,100.0,0.0,73.07692307692308,,GO
Guinea,GIN,2022,4.0,740.0,0,0.0,100.0,0.0,74.5,,GO
Guinea,GIN,2023,4.05,740.0,0,0.0,100.0,0.0,74.81481481481481,,GO
Guinea-Bissau,GNB,2020,0.08,50.0,0,0.0,100.0,,0.0,,GO
Guinea-Bissau,GNB,2021,0.08,50.0,0,0.0,100.0,,0.0,,GO
Guinea-Bissau,GNB,2022,0.08,50.0,0,0.0,100.0,,0.0,,GO
Guyana,GUY,2020,1.1300000000000001,730.0,0,0.0,100.0,0.0,1.7699115044247788,,GO
Guyana,GUY,2021,1.12,720.0,0,0.0,100.0,0.0,1.7857142857142856,,GO
Guyana,GUY,2022,1.27,830.0,0,0.0,100.0,0.0,1.574803149606299,,GO
Guyana,GUY,2023,1.34,850.0,0,0.0,100.0,0.0,6.7164179104477615,,GO
Haiti,HTI,2020,1.02,580.0,0,0.0,100.0,0.0,13.725490196078432,,GO
Haiti,HTI,2021,1.03,590.0,0,0.0,100.0,0.0,12.62135922330097,,GO
Haiti,HTI,2022,1.01,540.0,0,0.0,100.0,0.0,18.81188118811881,,GO
Honduras,HND,2020,10.68,3430.0,0.054031,0.5059082397003746,99.49409176029963,0.8886677631578948,56.928838951310865,,I-REC
Honduras,HND,2021,11.52,3250.0,0.448928,3.8969444444444443,96.10305555555556,6.209239280774551,62.76041666666665,,I-REC
Honduras,HND,2022,11.77,3450.0,0.4734993846150001,4.022934448725574,95.97706555127442,6.5763803418750015,61.17247238742566,,I-REC
Honduras,HND,2023,11.71,3390.0,0.5568447307800001,4.755292320922289,95.2447076790777,7.723227888765605,61.57130657557642,,I-REC
Honduras,HND,2024,0.0,0.0,0.41679688005,,100.0,,,,I-REC
Hong Kong,HKG,2020,34.35,23500.0,0,0.0,100.0,0.0,0.5531295487627365,,GO
Hong Kong,HKG,2021,36.22,25050.0,0,0.0,100.0,0.0,0.7178354500276091,,GO
Hong Kong,HKG,2022,36.1,24630.0,0,0.0,100.0,0.0,0.9141274238227146,,GO
Hong Kong,HKG,2023,37.64,25670.0,0,0.0,100.0,0.0,0.9564293304994685,,GO
Hungary,HUN,2020,34.919999999999995,8990.0,0,0.0,100.0,0.0,15.807560137457047,,GO
Hungary,HUN,2021,36.1,8610.0,0.0,0.0,100.0,0.0,19.141274238227147,,GO
Hungary,HUN,2022,35.78,8190.0,2.3879390000000003,6.673949133594187,93.32605086640581,31.174138381201043,21.408608160983793,,GO
Hungary,HUN,2023,35.52,6970.0,4.634615,13.047902590090088,86.95209740990991,49.51511752136752,26.351351351351354,,GO
Hungary,HUN,2024,38.18,6980.0,6.5682279999999995,17.20332111052907,82.79667888947093,54.148623248145086,31.77056050288109,,GO
Iceland,ISL,2020,18.89,530.0,18.210828,96.40459502382213,3.595404976177875,96.40459502382213,100.0,,GO
Iceland,ISL,2021,19.39,540.0,20.007236999999996,103.18327488396078,-3.1832748839607774,103.18327488396078,100.0,,GO
Iceland,ISL,2022,19.87,550.0,20.237966,101.8518671363865,-1.8518671363865025,101.8518671363865,100.0,,GO
Iceland,ISL,2023,20.12,570.0,24.659610000000004,122.56267395626243,-22.56267395626243,122.56267395626243,100.0,,GO
Iceland,ISL,2024,0.0,0.0,18.316096,,100.0,,,,GO
India,IND,2020,1570.97,1108490.0,3.027244,0.19269903308147196,99.80730096691853,0.9935162454873646,19.395660006238185,,I-REC
India,IND,2021,1683.32,1200610.0,3.735547492,0.22191547014233773,99.77808452985767,1.1671762199656304,19.013021885321862,,I-REC
India,IND,2022,1806.14,1273190.0,8.158958722724,0.4517345677923085,99.54826543220769,2.2299548274636494,20.25756585868205,,I-REC
India,IND,2023,1918.97,1368320.0,12.109945274309,0.6310648563713346,99.36893514362866,3.204971367030592,19.31661255777839,,I-REC
India,IND,2024,2030.2,1439330.0,13.215106327608002,0.6509263288152891,99.34907367118471,3.122538836925228,19.5581716087085,,I-REC
Indonesia,IDN,2020,291.82,199910.0,1.278674,0.43817216092111577,99.56182783907889,2.4176101342408773,18.124186142142417,,I-REC
Indonesia,IDN,2021,309.36,211670.0,2.49433444,0.8062886087406258,99.19371139125937,4.438317508896797,18.166537367468315,,I-REC
Indonesia,IDN,2022,333.54,225450.0,4.036773812872,1.2102817691647179,98.78971823083528,6.171493369319676,19.610841278407385,,I-REC
Indonesia,IDN,2023,350.59999999999997,239260.0,6.023225292297,1.7179764096682832,98.28202359033172,9.238075601682514,18.596691386195097,,I-REC
Indonesia,IDN,2024,0.0,0.0,8.036988994649,,100.0,,,,I-REC
Iran,IRN,2020,337.21000000000004,213390.0,0,0.0,100.0,0.0,7.393019186856852,,GO
Iran,IRN,2021,356.41,235170.0,0,0.0,100.0,0.0,4.376981566173788,,GO
Iran,IRN,2022,367.06000000000006,240560.0,0,0.0,100.0,0.0,4.296300332370729,,GO
Iran,IRN,2023,382.02,245030.0,0,0.0,100.0,0.0,6.4734830637139416,,GO
Iran,IRN,2024,395.79,256740.0,0,0.0,100.0,0.0,5.318476970110412,,GO
Iraq,IRQ,2020,117.12,78960.0,0,0.0,100.0,0.0,3.8763661202185795,,GO
Iraq,IRQ,2021,120.46000000000001,81640.0,0,0.0,100.0,0.0,3.0964635563672585,,GO
Iraq,IRQ,2022,133.85999999999999,92190.0,0,0.0,100.0,0.0,2.2635589421783955,,GO
Iraq,IRQ,2023,150.29,103610.0,0,0.0,100.0,0.0,1.1710692660855677,,GO
Ireland,IRL,2020,31.97,9360.0,2.077802,6.499224272755709,93.50077572724429,15.436864784546806,42.1019705974351,,GO
Ireland,IRL,2021,31.58,11170.0,1.713807,5.4268746041798614,94.57312539582014,14.77419827586207,36.73210892970234,,GO
Ireland,IRL,2022,33.61,11190.0,1.8944039999999998,5.636429634037488,94.36357036596252,14.494292272379491,38.887235941684025,,GO
Ireland,IRL,2023,31.369999999999997,8900.0,2.523888,8.04554670066943,91.95445329933057,17.88722891566265,44.979279566464776,,GO
Ireland,IRL,2024,30.93,8650.0,3.379402,10.925968315551245,89.07403168444876,24.086970776906625,45.360491432266414,,GO
Israel,ISR,2020,71.78,44490.0,1.0225819999999999,1.4246057397603789,98.57539426023962,26.42330749354005,5.391473948174979,,I-REC
Israel,ISR,2021,73.14999999999999,44160.0,1.879942,2.5699822282980183,97.43001777170198,38.602505133470224,6.657552973342448,,I-REC
Israel,ISR,2022,74.38,44320.0,2.469378308509,3.319949325771713,96.68005067422828,42.57548807774138,7.797795106211347,,I-REC
Israel,ISR,2023,74.41,42210.0,2.21872414452,2.98175533465932,97.01824466534067,28.372431515601022,10.509340142453972,,I-REC
Israel,ISR,2024,0.0,0.0,3.299159532038,,100.0,,,,I-REC
Italy,ITA,2020,276.81,92530.0,92.359383,33.36562371301615,66.63437628698385,79.00717108639861,42.23113326830678,,GO
Italy,ITA,2021,285.48999999999995,96860.0,83.64419999999998,29.298469298399244,70.70153070160076,71.90251869681077,40.74748677712005,,GO
Italy,ITA,2022,280.17,105950.0,93.441191,33.351604739979294,66.6483952600207,93.01332968345612,35.856801227825954,,GO
Italy,ITA,2023,261.5,84640.0,87.370228,33.41117705544933,66.58882294455067,75.00237400188891,44.539196940726576,,GO
Italy,ITA,2024,264.46000000000004,76090.0,113.27872699999999,42.83397375784617,57.16602624215383,86.9035113156885,49.28911744687288,,GO
Jamaica,JAM,2020,4.28,2370.0,0,0.0,100.0,0.0,13.785046728971965,,GO
Jamaica,JAM,2021,4.35,2420.0,0,0.0,100.0,0.0,13.333333333333336,,GO
Jamaica,JAM,2022,4.49,2520.0,0,0.0,100.0,0.0,12.91759465478842,,GO
Jamaica,JAM,2023,0.0,0.0,0.05329279,,100.0,,,,I-REC
Jamaica,JAM,2024,0.0,0.0,0.059042383999999996,,100.0,,,,I-REC
Japan,JPN,2020,1011.03,533570.0,0,0.0,100.0,0.0,19.092410709870133,,GO
Japan,JPN,2021,1034.67,532330.0,0.000572,5.528332705113707e-05,99.99994471667294,0.00027481502834630537,20.116558902838584,,I-REC
Japan,JPN,2022,1040.57,540700.0,0.0015049999999999998,0.00014463226885264808,99.99985536773114,0.0007059430554904076,20.48780956591099,,I-REC
Japan,JPN,2023,1006.73,495900.0,0,0.0,100.0,0.0,22.13701786973667,,GO
Japan,JPN,2024,1016.39,491660.0,0.036161466999999996,0.003557833803953207,99.99644216619605,0.015512619364248638,22.935093812414525,,I-REC
Jordan,JOR,2020,20.7,11730.0,0.134313,0.6488550724637681,99.35114492753623,3.4263520408163264,18.937198067632853,,I-REC
Jordan,JOR,2021,21.36,11540.0,0.173753,0.8134503745318352,99.18654962546816,3.538757637474541,22.98689138576779,,I-REC
Jordan,JOR,2022,22.57,12170.0,0.071760051,0.3179443996455472,99.68205560035446,1.374713620689655,23.128046078865754,,I-REC
Jordan,JOR,2023,0.0,0.0,0.2720556576,,100.0,,,,I-REC
Jordan,JOR,2024,0.0,0.0,0.038451874,,100.0,,,,I-REC
Kazakhstan,KAZ,2020,108.64,90830.0,0,0.0,100.0,0.0,10.990427098674521,,GO
Kazakhstan,KAZ,2021,115.08,95900.0,0.08375099999999999,0.07277632950990615,99.9272236704901,0.6652184273232724,10.9402155022593,,I-REC
Kazakhstan,KAZ,2022,113.44,94280.0,0.10293064,0.09073575458392102,99.90926424541608,0.7750801204819278,11.706629055007053,,I-REC
Kazakhstan,KAZ,2023,113.59,93890.0,2.4607589730000003,2.166351767761247,97.83364823223876,17.0176969087137,12.729993837485692,,I-REC
Kazakhstan,KAZ,2024,118.51,95020.0,3.1194290090000005,2.632207416251793,97.36779258374821,17.301325618413756,15.213905999493713,,I-REC
Kenya,KEN,2020,11.68,840.0,0,0.0,100.0,0.0,93.57876712328768,,GO
Kenya,KEN,2021,12.379999999999999,1190.0,0,0.0,100.0,0.0,89.82229402261714,,GO
Kenya,KEN,2022,12.959999999999999,1420.0,0,0.0,100.0,0.0,87.80864197530866,,GO
Kenya,KEN,2023,12.79,1240.0,0.09584078399999998,0.749341548084441,99.25065845191556,0.8341234464751957,89.83580922595779,,I-REC
Kenya,KEN,2024,12.85,1090.0,0.19820600700000002,1.54245919844358,98.45754080155642,1.6782896443691786,91.90661478599222,,I-REC
Kiribati,KIR,2020,0.04,20.0,0,0.0,100.0,0.0,25.0,,GO
Kiribati,KIR,2021,0.04,20.0,0,0.0,100.0,0.0,25.0,,GO
Kiribati,KIR,2022,0.04,20.0,0,0.0,100.0,0.0,25.0,,GO
Korea (the Republic of),KOR,2021,0.0,0.0,0.000237,,100.0,,,,GO
Korea (the Republic of),KOR,2022,0.0,0.0,0.000237,,100.0,,,,GO
Korea (the Republic of),KOR,2023,0.0,0.0,0.000159,,100.0,,,,GO
Kosovo,XKX,2020,6.7,6420.0,0,0.0,100.0,0.0,5.3731343283582085,,GO
Kosovo,XKX,2021,6.91,6530.0,0,0.0,100.0,0.0,6.512301013024602,,GO
Kosovo,XKX,2022,6.91,6530.0,0,0.0,100.0,0.0,6.512301013024602,,GO
Kosovo,XKX,2023,6.11,5610.0,0,0.0,100.0,0.0,9.328968903436989,,GO
Kosovo,XKX,2024,6.54,6270.0,0,0.0,100.0,0.0,5.3516819571865435,,GO
Kuwait,KWT,2020,74.64,48530.0,0,0.0,100.0,0.0,0.12057877813504822,,GO
Kuwait,KWT,2021,80.8,52490.0,0,0.0,100.0,0.0,0.2599009900990099,,GO
Kuwait,KWT,2022,85.29,54320.0,0,0.0,100.0,0.0,2.2276937507327936,,GO
Kuwait,KWT,2023,85.57000000000001,54500.0,0,0.0,100.0,0.0,2.2320906859880796,,GO
Kuwait,KWT,2024,87.66,55860.0,0,0.0,100.0,0.0,2.1788729180926305,,GO
Kyrgyzstan,KGZ,2020,15.400000000000002,1620.0,0,0.0,100.0,0.0,90.77922077922076,,GO
Kyrgyzstan,KGZ,2021,15.14,2290.0,0,0.0,100.0,0.0,85.60105680317042,,GO
Kyrgyzstan,KGZ,2022,13.819999999999999,2030.0,0,0.0,100.0,0.0,86.10709117221418,,GO
Kyrgyzstan,KGZ,2023,13.729999999999999,2070.0,0,0.0,100.0,0.0,85.6518572469046,,GO
Kyrgyzstan,KGZ,2024,14.15,2160.0,0,0.0,100.0,0.0,84.73498233215547,,GO
Lao PDR,LAO,2020,39.96,11110.0,0,0.0,100.0,0.0,71.5965965965966,,GO
Lao PDR,LAO,2021,44.9,11690.0,0,0.0,100.0,0.0,73.54120267260579,,GO
Lao PDR,LAO,2022,51.04,12110.0,0.5047196820000001,0.9888708503134798,99.01112914968652,1.298815445187854,76.13636363636364,,I-REC
Lao PDR,LAO,2023,52.3,12140.0,0.400895471,0.7665305372848948,99.2334694627151,0.9992409546360917,76.7112810707457,,I-REC
Lao PDR,LAO,2024,0.0,0.0,0.143686777,,100.0,,,,I-REC
Latvia,LVA,2020,5.72,1010.0,0.0,0.0,100.0,0.0,63.63636363636365,,GO
Latvia,LVA,2021,5.85,1030.0,2.650168,45.302017094017096,54.697982905982904,68.2044623655914,63.589743589743584,,GO
Latvia,LVA,2022,5.029999999999999,680.0,3.9098240000000004,77.73009940357855,22.26990059642145,88.50015706806285,75.94433399602386,,GO
Latvia,LVA,2023,6.37,760.0,5.351318000000001,84.00813186813188,15.991868131868117,88.67222222222225,77.70800627943485,,GO
Latvia,LVA,2024,6.49,880.0,5.014054,77.25815100154082,22.741848998459176,85.02360248447206,74.42218798151,,GO
Lebanon,LBN,2020,18.249999999999996,11240.0,0,0.0,100.0,0.0,6.739726027397262,,GO
Lebanon,LBN,2021,10.340000000000002,6200.0,0,0.0,100.0,0.0,9.284332688588005,,GO
Lebanon,LBN,2022,4.369999999999999,1660.0,0,0.0,100.0,0.0,45.537757437070944,,GO
Lebanon,LBN,2023,4.52,1670.0,0,0.0,100.0,0.0,47.345132743362825,,GO
Lebanon,LBN,2024,0.0,0.0,7.10788e-05,,100.0,,,,I-REC
Lesotho,LSO,2020,0.43,10.0,0,0.0,100.0,0.0,100.0,,GO
Lesotho,LSO,2021,0.53,10.0,0,0.0,100.0,0.0,100.0,,GO
Lesotho,LSO,2022,0.48,10.0,0,0.0,100.0,0.0,100.0,,GO
Liberia,LBR,2020,0.45,210.0,0,0.0,100.0,0.0,28.888888888888893,,GO
Liberia,LBR,2021,0.38,160.0,0,0.0,100.0,0.0,34.21052631578947,,GO
Liberia,LBR,2022,0.39,170.0,0,0.0,100.0,0.0,33.33333333333333,,GO
Liberia,LBR,2023,0.39,170.0,0,0.0,100.0,0.0,33.33333333333333,,GO
Libya,LBY,2020,29.5,24310.0,0,0.0,100.0,0.0,0.03389830508474576,,GO
Libya,LBY,2021,34.79,28930.0,0,0.0,100.0,0.0,0.028743891922966374,,GO
Libya,LBY,2022,35.11,29160.0,0,0.0,100.0,0.0,0.02848191398461977,,GO
Libya,LBY,2023,35.11,29160.0,0,0.0,100.0,0.0,0.02848191398461977,,GO
Lithuania,LTU,2020,4.699999999999999,1090.0,0.0,0.0,100.0,0.0,54.680851063829806,,GO
Lithuania,LTU,2021,4.3,950.0,0.445808,10.367627906976743,89.63237209302326,17.015572519083968,60.930232558139544,,GO
Lithuania,LTU,2022,4.04,730.0,0.919904,22.76990099009901,77.23009900990098,30.46039735099338,74.75247524752476,,GO
Lithuania,LTU,2023,5.21,630.0,2.4865259999999996,47.726026871401146,52.273973128598854,57.1615172413793,83.49328214971209,,GO
Lithuania,LTU,2024,7.32,1020.0,4.685268000000001,64.00639344262295,35.99360655737705,79.6814285714286,80.32786885245899,,GO
Luxembourg,LUX,2020,1.22,200.0,0.639958,52.4555737704918,47.5444262295082,65.97505154639177,79.50819672131148,,GO
Luxembourg,LUX,2021,1.23,200.0,0.717339,58.32024390243902,41.67975609756098,72.45848484848484,80.48780487804879,,GO
Luxembourg,LUX,2022,1.2,170.0,0.6293630000000001,52.446916666666674,47.553083333333326,61.10320388349516,85.83333333333334,,GO
Luxembourg,LUX,2023,1.39,170.0,0.66831,48.079856115107916,51.920143884892084,53.89596774193548,89.20863309352518,,GO
Luxembourg,LUX,2024,1.56,210.0,0.806248,51.6825641025641,48.3174358974359,57.18070921985816,90.38461538461537,,GO
Macao,MAC,2020,0.56,270.0,0,0.0,100.0,0.0,33.92857142857142,,GO
Macao,MAC,2021,0.5,230.0,0,0.0,100.0,0.0,42.0,,GO
Macao,MAC,2022,0.49,220.0,0,0.0,100.0,0.0,40.816326530612244,,GO
Madagascar,MDG,2020,2.16,900.0,0,0.0,100.0,0.0,40.74074074074074,,GO
Madagascar,MDG,2021,2.53,1230.0,0,0.0,100.0,0.0,33.20158102766799,,GO
Madagascar,MDG,2022,2.64,1260.0,0,0.0,100.0,0.0,35.22727272727273,,GO
Malawi,MWI,2020,1.75,60.0,0,0.0,100.0,0.0,99.42857142857143,,GO
Malawi,MWI,2021,1.83,100.0,0,0.0,100.0,0.0,95.62841530054644,,GO
Malawi,MWI,2022,1.83,100.0,0,0.0,100.0,0.0,95.62841530054644,,GO
Malaysia,MYS,2020,174.01,110270.0,1.078832,0.6199827596115166,99.38001724038848,3.5267473030402092,17.579449456927765,,I-REC
Malaysia,MYS,2021,175.21,107130.0,1.7440890000000002,0.9954277723874208,99.00457222761258,5.1707352505188275,19.251184293133953,,I-REC
Malaysia,MYS,2022,183.63,110920.0,11.602130143031001,6.318210609939008,93.681789390061,32.44443552301735,19.473942166312693,,I-REC
Malaysia,MYS,2023,187.8,114160.0,10.598467627652,5.643486489697549,94.35651351030245,29.45655260603668,19.158679446219384,,I-REC
Malaysia,MYS,2024,198.22,119810.0,12.612914378110002,6.363088678291798,93.6369113217082,32.34080609771796,19.675108465341538,,I-REC
Maldives,MDV,2020,0.8200000000000001,510.0,0,0.0,100.0,0.0,4.878048780487805,,GO
Maldives,MDV,2021,0.8400000000000001,520.0,0,0.0,100.0,0.0,5.952380952380952,,GO
Maldives,MDV,2022,0.8500000000000001,520.0,0,0.0,100.0,0.0,7.058823529411764,,GO
Maldives,MDV,2023,0.8500000000000001,520.0,0,0.0,100.0,0.0,7.058823529411764,,GO
Mali,MLI,2020,3.94,1580.0,0,0.0,100.0,0.0,40.86294416243655,,GO
Mali,MLI,2021,3.9400000000000004,1640.0,0,0.0,100.0,0.0,39.086294416243646,,GO
Mali,MLI,2022,4.34,1700.0,0,0.0,100.0,0.0,42.857142857142854,,GO
Mali,MLI,2023,4.36,1720.0,0,0.0,100.0,0.0,42.66055045871559,,GO
Malta,MLT,2020,2.15,1090.0,0,0.0,100.0,0.0,11.627906976744185,,GO
Malta,MLT,2021,2.2199999999999998,1120.0,0,0.0,100.0,0.0,12.162162162162165,,GO
Malta,MLT,2022,2.3,1150.0,0,0.0,100.0,0.0,13.043478260869565,,GO
Malta,MLT,2023,2.3499999999999996,1160.0,0,0.0,100.0,0.0,13.617021276595748,,GO
Malta,MLT,2024,2.21,1070.0,0,0.0,100.0,0.0,16.7420814479638,,GO
Martinique,MTQ,2020,1.5,810.0,0,0.0,100.0,0.0,22.666666666666664,,GO
Martinique,MTQ,2021,1.5099999999999998,790.0,0,0.0,100.0,0.0,25.16556291390729,,GO
Martinique,MTQ,2022,1.49,770.0,0,0.0,100.0,0.0,26.174496644295296,,GO
Mauritania,MRT,2020,1.63,770.0,0,0.0,100.0,0.0,28.834355828220858,,GO
Mauritania,MRT,2021,1.5799999999999998,750.0,0,0.0,100.0,0.0,28.48101265822785,,GO
Mauritania,MRT,2022,1.64,790.0,0,0.0,100.0,0.0,27.439024390243897,,GO
Mauritania,MRT,2024,0.0,0.0,0.04518,,100.0,,,,I-REC
Mauritius,MUS,2020,2.9,1780.0,0.145834,5.028758620689655,94.97124137931034,20.83342857142857,24.13793103448276,,I-REC
Mauritius,MUS,2021,2.99,1880.0,0.135737,4.539698996655519,95.46030100334448,21.20890625,21.40468227424749,,I-REC
Mauritius,MUS,2022,3.12,1920.0,0.116362576,3.7295697435897432,96.27043025641025,19.075832131147543,19.55128205128205,,I-REC
Mauritius,MUS,2023,3.2700000000000005,2070.0,0.11289909766,3.4525717938837914,96.54742820611621,19.806859238596488,17.431192660550458,,I-REC
Mauritius,MUS,2024,0.0,0.0,0.10710719688,,100.0,,,,I-REC
Mexico,MEX,2020,325.73,157670.0,1.9666540000000001,0.6037681515365487,99.39623184846346,2.8350209024073805,21.29677954133792,,I-REC
Mexico,MEX,2021,328.59,149920.0,5.73983704908,1.7468081953437415,98.25319180465625,6.992126993641125,24.982500989074534,,I-REC
Mexico,MEX,2022,340.15000000000003,157960.0,7.398232155546999,2.1749910790965745,97.82500892090343,8.899593595028268,24.439217992062325,,I-REC
Mexico,MEX,2023,351.7,172000.0,9.362644386566,2.6621109998765995,97.3378890001234,13.13502298900954,20.267273244242254,,I-REC
Mexico,MEX,2024,355.18,171600.0,10.003243502277,2.8163870438304524,97.18361295616955,13.337658003036,21.1160538318599,,I-REC
Moldova,MDA,2020,6.180000000000001,4160.0,0,0.0,100.0,0.0,5.825242718446602,,GO
Moldova,MDA,2021,6.66,4450.0,0,0.0,100.0,0.0,6.606606606606606,,GO
Moldova,MDA,2022,5.33,3450.0,0,0.0,100.0,0.0,9.568480300187618,,GO
Moldova,MDA,2023,5.05,3160.0,0,0.0,100.0,0.0,12.079207920792081,,GO
Moldova,MDA,2024,5.21,3280.0,0,0.0,100.0,0.0,11.708253358925145,,GO
Mongolia,MNG,2020,6.640000000000001,5160.0,0,0.0,100.0,0.0,10.240963855421684,,GO
Mongolia,MNG,2021,7.4399999999999995,5730.0,0,0.0,100.0,0.0,11.155913978494624,,GO
Mongolia,MNG,2022,7.75,6060.0,0.023090648000000002,0.29794384516129035,99.70205615483871,3.038243157894737,9.806451612903226,,I-REC
Mongolia,MNG,2023,7.91,6210.0,0.050998303999999994,0.64473203539823,99.35526796460177,6.710303157894735,9.608091024020228,,I-REC
Mongolia,MNG,2024,8.379999999999999,6570.0,0.023999172,0.28638630071599047,99.71361369928401,2.9628607407407404,9.665871121718379,,I-REC
Montenegro,MNE,2020,3.39,1680.0,0,0.0,100.0,0.0,52.21238938053098,,GO
Montenegro,MNE,2021,3.7699999999999996,1510.0,0,0.0,100.0,0.0,61.80371352785146,,GO
Montenegro,MNE,2022,3.31,1600.0,0,0.0,100.0,0.0,53.17220543806647,,GO
Montenegro,MNE,2023,4.22,1720.0,0,0.0,100.0,0.0,61.13744075829385,,GO
Montenegro,MNE,2024,3.7,1530.0,0,0.0,100.0,0.0,60.27027027027027,,GO
Montserrat,MSR,2020,0.01,10.0,0,0.0,100.0,,0.0,,GO
Montserrat,MSR,2021,0.01,10.0,0,0.0,100.0,,0.0,,GO
Montserrat,MSR,2022,0.01,10.0,0,0.0,100.0,,0.0,,GO
Morocco,MAR,2020,38.8,25050.0,0.060275,0.15534793814432993,99.84465206185567,0.8101478494623657,19.175257731958766,,I-REC
Morocco,MAR,2021,41.3,26430.0,0.066267,0.16045278450363198,99.83954721549637,0.8101100244498779,19.80629539951574,,I-REC
Morocco,MAR,2022,41.41,27440.0,0.090057,0.21747645496256943,99.78252354503744,1.1959760956175298,18.184013523303552,,I-REC
Morocco,MAR,2023,42.459999999999994,26190.0,0.151105,0.35587611869995295,99.64412388130005,1.638882863340564,21.714554875176635,,I-REC
Morocco,MAR,2024,43.85,25330.0,0.480473817563,1.0957213627434434,98.90427863725655,4.1384480410249775,26.476624857468643,,I-REC
Mozambique,MOZ,2020,19.02,2440.0,0,0.0,100.0,0.0,83.49106203995792,,GO
Mozambique,MOZ,2021,18.86,2480.0,0,0.0,100.0,0.0,82.97985153764581,,GO
Mozambique,MOZ,2022,19.560000000000002,2500.0,0,0.0,100.0,0.0,83.69120654396728,,GO
Mozambique,MOZ,2023,19.560000000000002,2500.0,0,0.0,100.0,0.0,83.69120654396728,,GO
Myanmar,MMR,2020,18.78,9150.0,0,0.0,100.0,0.0,48.66879659211927,,GO
Myanmar,MMR,2021,19.98,9680.0,0,0.0,100.0,0.0,49.349349349349346,,GO
Myanmar,MMR,2022,23.25,13110.0,0,0.0,100.0,0.0,40.86021505376344,,GO
Myanmar,MMR,2023,25.689999999999998,15130.0,0,0.0,100.0,0.0,38.18606461658233,,GO
Myanmar,MMR,2024,24.68,14060.0,0.003824763,0.015497418962722852,99.98450258103728,0.03851725075528701,40.235008103727715,,I-REC
N Cyprus,CYP,2020,4.85,2820.0,0.0076449999999999955,0.15762886597938136,99.84237113402062,1.274166666666666,12.371134020618557,,I-REC
N Cyprus,CYP,2021,5.119999999999999,2890.0,0.009914000000000003,0.19363281250000008,99.8063671875,1.2710256410256413,15.234375000000004,,I-REC
N Cyprus,CYP,2022,5.26,2920.0,0.06088499999999998,1.157509505703422,98.84249049429658,6.918749999999998,16.730038022813687,,I-REC
N Cyprus,CYP,2023,5.31,2840.0,0.091027,1.714256120527307,98.28574387947269,8.507196261682243,20.150659133709983,,I-REC
N Cyprus,CYP,2024,5.720000000000001,2930.0,0.07705299999999998,1.3470804195804191,98.65291958041958,5.665661764705881,23.776223776223777,,GO
Namibia,NAM,2020,2.0,120.0,0,0.0,100.0,0.0,96.5,,GO
Namibia,NAM,2021,1.51,70.0,0,0.0,100.0,0.0,97.35099337748345,,GO
Namibia,NAM,2022,1.32,60.0,0.006942224,0.5259260606060606,99.47407393939395,0.5340172307692308,98.48484848484848,,I-REC
Namibia,NAM,2023,1.8900000000000001,90.0,0.004333668000000001,0.22929460317460318,99.77070539682539,0.23425232432432433,97.88359788359789,,I-REC
Namibia,NAM,2024,0.0,0.0,0.013527809999999998,,100.0,,,,I-REC
Nauru,NRU,2020,0.04,30.0,0,0.0,100.0,,0.0,,GO
Nauru,NRU,2021,0.04,30.0,0,0.0,100.0,,0.0,,GO
Nauru,NRU,2022,0.04,30.0,0,0.0,100.0,,0.0,,GO
Nauru,NRU,2023,0.04,30.0,0,0.0,100.0,,0.0,,GO
Nepal,NPL,2020,6.18,140.0,0,0.0,100.0,0.0,100.0,,GO
Nepal,NPL,2021,9.629999999999999,230.0,0,0.0,100.0,0.0,100.0,,GO
Nepal,NPL,2022,10.7,250.0,0,0.0,100.0,0.0,100.0,,GO
Nepal,NPL,2023,0.0,0.0,1.08e-06,,100.0,,,,I-REC
Nepal,NPL,2024,0.0,0.0,0.032547142186,,100.0,,,,I-REC
Netherlands,NLD,2020,121.96000000000001,41820.0,79.07717199999999,64.83861265988847,35.16138734011153,73.4116987473266,26.83666775992129,,GO
Netherlands,NLD,2021,120.8,42550.0,77.149228,63.865254966887406,36.134745033112594,75.70241883519208,33.402317880794705,,GO
Netherlands,NLD,2022,119.79,39060.0,55.88637399999999,46.653622172134554,53.346377827865446,43.76529522219904,40.011687119125135,,GO
Netherlands,NLD,2023,119.94,32110.0,75.05154399999999,62.5742404535601,37.4257595464399,68.87666783707867,47.49041187260296,,GO
Netherlands,NLD,2024,123.36,31000.0,86.366883,70.01206468871595,29.987935311284048,78.5060849579965,51.14299610894941,,GO
New Caledonia,NCL,2020,3.24,2200.0,0,0.0,100.0,0.0,15.74074074074074,,GO
New Caledonia,NCL,2021,2.91,1800.0,0,0.0,100.0,0.0,22.33676975945017,,GO
New Caledonia,NCL,2022,3.09,1810.0,0,0.0,100.0,0.0,26.213592233009713,,GO
New Zealand,NZL,2020,43.35,6180.0,0,0.0,100.0,0.0,80.92272202998846,,GO
New Zealand,NZL,2021,43.55,6340.0,0,0.0,100.0,0.0,81.72215843857634,,GO
New Zealand,NZL,2022,43.78,4940.0,0,0.0,100.0,0.0,85.8839652809502,,GO
New Zealand,NZL,2023,43.86,4580.0,0,0.0,100.0,0.0,87.64249886000911,,GO
New Zealand,NZL,2024,44.46,5340.0,0.07862597025000001,0.17684653677462892,99.82315346322537,0.20789521483342155,85.0652271704903,,I-REC
Nicaragua,NIC,2020,3.79,950.0,0,0.0,100.0,0.0,69.92084432717677,,GO
Nicaragua,NIC,2021,4.21,1100.0,0,0.0,100.0,0.0,69.12114014251782,,GO
Nicaragua,NIC,2022,4.32,1250.0,0,0.0,100.0,0.0,64.12037037037037,,GO
Nicaragua,NIC,2023,4.37,1260.0,0,0.0,100.0,0.0,64.53089244851257,,GO
Nicaragua,NIC,2024,0.0,0.0,0.067985,,100.0,,,,I-REC
Niger,NER,2020,0.67,480.0,0,0.0,100.0,0.0,2.9850746268656714,,GO
Niger,NER,2021,0.71,500.0,0,0.0,100.0,0.0,2.8169014084507045,,GO
Niger,NER,2022,0.79,550.0,0,0.0,100.0,0.0,2.5316455696202533,,GO
Niger,NER,2023,0.8,550.0,0,0.0,100.0,0.0,2.5,,GO
Nigeria,NGA,2020,38.0,19890.0,0.037183,0.09784999999999999,99.90215,0.4760947503201024,20.55263157894737,,I-REC
Nigeria,NGA,2021,39.2,20490.0,0.18521699999999996,0.4724923469387754,99.52750765306122,2.2866296296296293,20.663265306122447,,I-REC
Nigeria,NGA,2022,38.0,18900.0,0.248318,0.6534684210526316,99.34653157894736,2.644494142705005,24.710526315789476,,I-REC
Nigeria,NGA,2023,42.510000000000005,21630.0,0.11034227682,0.25956781185603384,99.74043218814397,1.1340418994861254,22.88873206304399,,I-REC
Nigeria,NGA,2024,40.13,20380.0,0.32820225565000005,0.8178476343134813,99.18215236568652,3.551972463744589,23.025168203339145,,I-REC
North Korea,PRK,2020,24.1,10230.0,0,0.0,100.0,0.0,53.52697095435685,,GO
North Korea,PRK,2021,25.630000000000003,8780.0,0,0.0,100.0,0.0,63.32422941865001,,GO
North Korea,PRK,2022,26.55,9140.0,0,0.0,100.0,0.0,63.088512241054616,,GO
North Macedonia,MKD,2020,5.34,3330.0,0,0.0,100.0,0.0,27.715355805243448,,GO
North Macedonia,MKD,2021,5.529999999999999,3110.0,0,0.0,100.0,0.0,29.837251356238703,,GO
North Macedonia,MKD,2022,5.9399999999999995,3710.0,0,0.0,100.0,0.0,27.104377104377114,,GO
North Macedonia,MKD,2023,6.91,3920.0,0,0.0,100.0,0.0,32.272069464544145,,GO
North Macedonia,MKD,2024,5.8,3300.0,0,0.0,100.0,0.0,33.10344827586207,,GO
Norway,NOR,2020,154.32,4690.0,145.47668900000002,94.26949779678591,5.730502203214087,95.68739722423206,98.51607050285124,,GO
Norway,NOR,2021,157.13,4230.0,150.01349700000003,95.47094571374024,4.529054286259765,96.12552672049213,99.31903519378858,,GO
Norway,NOR,2022,145.42000000000002,4310.0,138.181783,95.0225436666208,4.977456333379195,96.32748902056464,98.64530325952414,,GO
Norway,NOR,2023,153.53,4680.0,301.16852800000004,196.16265746108255,-96.16265746108255,199.21188516999604,98.46935452354589,,GO
Norway,NOR,2024,156.12,4800.0,302.451176,193.72993594670766,-93.72993594670766,196.92030987565911,98.39226236228544,,GO
Oman,OMN,2020,76.96154910278618,21780.0,0,0.0,100.0,0.0,0.5954515000135587,,GO
Oman,OMN,2021,82.81227449053029,23330.0,0.206506,0.2493664149070248,99.75063358509297,13.530867377561892,1.8429447865296995,,I-REC
Oman,OMN,2022,86.630620568,24150.0,0.46253317088,0.533914183977175,99.46608581602283,12.736586713498449,4.191972276303225,,I-REC
Oman,OMN,2023,89.97573843026031,24570.0,2.0280211121800003,2.253964399249591,97.7460356007504,49.983741381760424,4.509395129177116,,I-REC
Oman,OMN,2024,92.48197002804832,23640.0,1.7242317995299998,1.8643977837053725,98.13560221629463,40.55898563529689,4.59675643880714,,I-REC
Pakistan,PAK,2020,144.45999999999998,70130.0,0,0.0,100.0,0.0,28.104665651391386,,GO
Pakistan,PAK,2021,161.53,74870.0,0,0.0,100.0,0.0,27.29523927443818,,GO
Pakistan,PAK,2022,174.29,76260.0,0.06001285258,0.03443275723219921,99.9655672427678,0.12280100793943118,28.039474439153132,,I-REC
Pakistan,PAK,2023,179.10999999999999,76450.0,0.419711801817,0.23433186411534815,99.76566813588465,0.8085374721961087,28.982189715817096,,I-REC
Pakistan,PAK,2024,182.1,72820.0,0.493256738558,0.2708713556057112,99.7291286443943,0.8231921538017356,32.90499725425591,,I-REC
"Palestine, State of",PSE,2020,0.8400000000000001,440.0,0,0.0,100.0,0.0,21.428571428571423,,GO
"Palestine, State of",PSE,2021,0.9099999999999999,460.0,0,0.0,100.0,0.0,24.17582417582418,,GO
"Palestine, State of",PSE,2022,1.02,470.0,0,0.0,100.0,0.0,33.333333333333336,,GO
Panama,PAN,2020,10.94,1980.0,0.43713599999999997,3.9957586837294334,96.00424131627057,5.279420289855072,75.68555758683729,,I-REC
Panama,PAN,2021,12.110000000000001,1960.0,0.435546,3.596581337737407,96.4034186622626,4.589525816649105,78.3649876135425,,I-REC
Panama,PAN,2022,12.25,2070.0,0.352478438379,2.87737500717551,97.12262499282448,3.725987720708246,77.22448979591836,,I-REC
Panama,PAN,2023,12.870000000000001,3330.0,0.489994669047,3.8072623857575754,96.19273761424242,6.163454956566038,61.771561771561764,,I-REC
Panama,PAN,2024,0.0,0.0,0.808681298463,,100.0,,,,I-REC
Papua New Guinea,PNG,2020,4.1,2010.0,0,0.0,100.0,0.0,27.317073170731714,,GO
Papua New Guinea,PNG,2021,4.529999999999999,2300.0,0,0.0,100.0,0.0,24.72406181015453,,GO
Papua New Guinea,PNG,2022,4.59,2430.0,0,0.0,100.0,0.0,21.13289760348584,,GO
Papua New Guinea,PNG,2023,4.73,2430.0,0,0.0,100.0,0.0,23.678646934460886,,GO
Paraguay,PRY,2020,46.629999999999995,1160.0,0,0.0,100.0,0.0,100.0,,GO
Paraguay,PRY,2021,40.84,1020.0,0,0.0,100.0,0.0,100.0,,GO
Paraguay,PRY,2022,44.11,1090.0,0,0.0,100.0,0.0,100.0,,GO
Paraguay,PRY,2023,44.24,1100.0,0,0.0,100.0,0.0,100.0,,GO
Peru,PER,2020,52.99,12700.0,0.235774,0.4449405548216645,99.55505944517833,0.7008739595719382,63.48367616531421,,I-REC
Peru,PER,2021,56.99,14300.0,3.691449,6.477362695209686,93.52263730479031,10.519945853519522,61.57220565011404,,I-REC
Peru,PER,2022,59.9,17240.0,3.5742100015369997,5.966961605237062,94.03303839476294,10.801480814557266,55.24207011686144,,I-REC
Peru,PER,2023,62.19,18690.0,7.086062481400999,11.394215278020582,88.60578472197942,21.472916610306058,53.063193439459724,,I-REC
Peru,PER,2024,63.85,16810.0,9.937767003982,15.56423963035552,84.43576036964448,26.255659191498022,59.279561472200456,,I-REC
Philippines,PHL,2020,101.75,60930.0,1.137477,1.1179135135135136,98.88208648648649,5.266097222222221,21.228501228501234,,I-REC
Philippines,PHL,2021,105.75,63410.0,1.825105,1.7258676122931442,98.27413238770686,7.7995940170940194,22.12765957446808,,I-REC
Philippines,PHL,2022,111.52,67210.0,3.1110780481999996,2.7897041321736005,97.2102958678264,12.600559125961924,22.139526542324248,,I-REC
Philippines,PHL,2023,116.76,71520.0,4.59592955433,3.9362192140544705,96.06378078594553,17.93883510667447,21.942446043165464,,I-REC
Philippines,PHL,2024,125.86000000000001,77200.0,4.747111515329999,3.771739643516605,96.22826035648339,17.356897679451553,21.73049419990465,,I-REC
Poland,POL,2020,157.15,116090.0,0,0.0,100.0,0.0,17.963728921412663,,GO
Poland,POL,2021,178.79,135320.0,0,0.0,100.0,0.0,17.0926785614408,,GO
Poland,POL,2022,178.6,130910.0,0,0.0,100.0,0.0,21.1030235162374,,GO
Poland,POL,2023,164.45,107760.0,0,0.0,100.0,0.0,27.236242018850714,,GO
Poland,POL,2024,170.07,104550.0,0,0.0,100.0,0.0,29.846533780208155,,GO
Portugal,PRT,2020,51.39,12760.0,4.216127,8.204177855613933,91.79582214438607,14.002414480239125,58.591165596419536,,GO
Portugal,PRT,2021,49.22,10360.0,34.42023,69.93138967899228,30.068610321007725,99.53007609384908,64.07964242177975,,GO
Portugal,PRT,2022,46.33,10440.0,24.85172,53.64066479602849,46.35933520397151,82.62592538935168,59.59421541118066,,GO
Portugal,PRT,2023,46.19,7310.0,32.161517,69.62874431695172,30.371255683048275,89.80353095030515,74.496644295302,,GO
Portugal,PRT,2024,46.75,5230.0,36.526815,78.13222459893048,21.867775401069522,89.53061935807422,85.3048128342246,,GO
Puerto Rico,PRI,2020,19.07,12760.0,0,0.0,100.0,0.0,3.985317252228632,,GO
Puerto Rico,PRI,2021,19.36,12880.0,0,0.0,100.0,0.0,4.648760330578513,,GO
Puerto Rico,PRI,2022,19.9,13150.0,0,0.0,100.0,0.0,5.376884422110553,,GO
Puerto Rico,PRI,2023,19.9,13150.0,0,0.0,100.0,0.0,5.376884422110553,,GO
Puerto Rico,PRI,2024,18.72,12440.0,0,0.0,100.0,0.0,5.822649572649573,,GO
Qatar,QAT,2020,49.4,29770.0,0,0.0,100.0,0.0,0.2834008097165992,,GO
Qatar,QAT,2021,51.79,31200.0,0,0.0,100.0,0.0,0.2896312029349296,,GO
Qatar,QAT,2022,54.17,32649.999999999996,0,0.0,100.0,0.0,0.2584456341148237,,GO
Qatar,QAT,2023,55.14,33230.0,0,0.0,100.0,0.0,0.25389916575988397,,GO
Qatar,QAT,2024,58.64,35350.0,0,0.0,100.0,0.0,0.2387448840381992,,GO
Romania,ROU,2020,55.21,15340.0,0,0.0,100.0,0.0,44.575258105415685,,GO
Romania,ROU,2021,58.56,16980.0,0,0.0,100.0,0.0,44.979508196721305,,GO
Romania,ROU,2022,54.74,16300.0,0,0.0,100.0,0.0,43.14943368651809,,GO
Romania,ROU,2023,56.949999999999996,13850.0,0,0.0,100.0,0.0,49.798068481123806,,GO
Romania,ROU,2024,52.88,13000.0,0,0.0,100.0,0.0,47.63615733736762,,GO
Russian Fed,RUS,2020,1085.42,453330.0,0.649717,0.05985858008881354,99.94014141991119,0.3004471676300578,19.92316338375928,,I-REC
Russian Fed,RUS,2021,1157.07,493870.0,2.925069,0.25279965775622915,99.74720034224377,1.3281279513258264,19.03428487472668,,I-REC
Russian Fed,RUS,2022,1166.94,509180.0,0.150707,0.012914717123416799,99.98708528287658,0.07347618351128664,17.576739163967297,,I-REC
Russian Fed,RUS,2023,1178.25,521760.0,0,0.0,100.0,0.0,17.7466581795035,,GO
Russian Fed,RUS,2024,1209.31,539560.0,0,0.0,100.0,0.0,18.09792360933094,,GO
Rwanda,RWA,2020,0.89,220.0,0,0.0,100.0,0.0,62.92134831460675,,GO
Rwanda,RWA,2021,1.0,280.0,0,0.0,100.0,0.0,59.00000000000001,,GO
Rwanda,RWA,2022,1.04,300.0,0,0.0,100.0,0.0,57.6923076923077,,GO
Rwanda,RWA,2023,1.06,320.0,0,0.0,100.0,0.0,56.60377358490567,,GO
Réunion,REU,2020,3.7899999999999996,2440.0,0,0.0,100.0,0.0,24.53825857519789,,GO
Réunion,REU,2021,3.09,1770.0,0,0.0,100.0,0.0,28.155339805825243,,GO
Réunion,REU,2022,3.37,1770.0,0,0.0,100.0,0.0,34.12462908011869,,GO
"Saint Helena, Ascension and Tristan da Cunha",SHN,2020,0.01,10.0,0,0.0,100.0,,0.0,,GO
"Saint Helena, Ascension and Tristan da Cunha",SHN,2021,0.01,10.0,0,0.0,100.0,,0.0,,GO
"Saint Helena, Ascension and Tristan da Cunha",SHN,2022,0.01,10.0,0,0.0,100.0,,0.0,,GO
Saint Kitts and Nevis,KNA,2020,0.22,140.0,0,0.0,100.0,0.0,4.545454545454546,,GO
Saint Kitts and Nevis,KNA,2021,0.22,140.0,0,0.0,100.0,0.0,4.545454545454546,,GO
Saint Kitts and Nevis,KNA,2022,0.22,140.0,0,0.0,100.0,0.0,4.545454545454546,,GO
Saint Lucia,LCA,2020,0.38,240.0,0,0.0,100.0,0.0,2.631578947368421,,GO
Saint Lucia,LCA,2021,0.4,260.0,0,0.0,100.0,0.0,2.5,,GO
Saint Lucia,LCA,2022,0.4,260.0,0,0.0,100.0,0.0,2.5,,GO
Saint Pierre and Miquelon,SPM,2020,0.05,30.0,0,0.0,100.0,,0.0,,GO
Saint Pierre and Miquelon,SPM,2021,0.05,30.0,0,0.0,100.0,,0.0,,GO
Saint Pierre and Miquelon,SPM,2022,0.05,30.0,0,0.0,100.0,,0.0,,GO
Saint Vincent and the Grenadines,VCT,2020,0.15,90.0,0,0.0,100.0,0.0,13.333333333333334,,GO
Saint Vincent and the Grenadines,VCT,2021,0.13999999999999999,80.0,0,0.0,100.0,0.0,14.285714285714288,,GO
Saint Vincent and the Grenadines,VCT,2022,0.15,90.0,0,0.0,100.0,0.0,13.333333333333334,,GO
Saint Vincent and the Grenadines,VCT,2023,0.15,90.0,0,0.0,100.0,0.0,13.333333333333334,,GO
Samoa,WSM,2020,0.18,70.0,0,0.0,100.0,0.0,38.88888888888889,,GO
Samoa,WSM,2021,0.16999999999999998,60.0,0,0.0,100.0,0.0,47.05882352941177,,GO
Samoa,WSM,2022,0.16,60.0,0,0.0,100.0,0.0,43.75000000000001,,GO
Samoa,WSM,2023,0.15,60.0,0,0.0,100.0,0.0,40.0,,GO
Sao Tome and Principe,STP,2020,0.11,70.0,0,0.0,100.0,0.0,9.090909090909092,,GO
Sao Tome and Principe,STP,2021,0.11,70.0,0,0.0,100.0,0.0,9.090909090909092,,GO
Sao Tome and Principe,STP,2022,0.09,50.0,0,0.0,100.0,0.0,11.111111111111112,,GO
Saudi Arabia,SAU,2020,380.9,267340.0,0,0.0,100.0,0.0,0.2415332108164873,,GO
Saudi Arabia,SAU,2021,392.95,276020.0,0.0001,2.544853034737244e-05,99.99997455146965,0.01,0.2544853034737244,,I-REC
Saudi Arabia,SAU,2022,409.84000000000003,286910.0,0.118731,0.02897008588717548,99.97102991411282,5.907014925373135,0.49043529182119844,,I-REC
Saudi Arabia,SAU,2023,429.25,299320.0,1.90000349352,0.44263331241001747,99.55736668758998,40.254311303389834,1.0995923121723936,,I-REC
Saudi Arabia,SAU,2024,454.64000000000004,314590.0,10.351586144738999,2.2768753617673316,97.72312463823266,105.4133008629226,2.159950730248108,,I-REC
Senegal,SEN,2020,6.06,3410.0,0,0.0,100.0,0.0,16.831683168316832,,GO
Senegal,SEN,2021,6.66,3640.0,0,0.0,100.0,0.0,20.27027027027027,,GO
Senegal,SEN,2022,7.5,3950.0,0,0.0,100.0,0.0,23.333333333333332,,GO
Senegal,SEN,2023,8.049999999999999,4310.0,0,0.0,100.0,0.0,21.73913043478261,,GO
Serbia,SRB,2020,37.18,27370.0,0.179054,0.48158687466379774,99.5184131253362,1.762342519685039,27.326519634211945,,GO
Serbia,SRB,2021,37.46,24960.0,0.772783,2.0629551521623064,97.9370448478377,6.157633466135458,33.502402562733586,,GO
Serbia,SRB,2022,34.839999999999996,24760.0,1.460915,4.193211825487945,95.80678817451205,14.876934826883911,28.18599311136624,,GO
Serbia,SRB,2023,39.17,25130.0,10.580808000000001,27.012529997447025,72.98747000255298,77.85730684326711,34.694919581312234,,GO
Serbia,SRB,2024,37.46,25110.0,2.295357,6.127487987186332,93.87251201281367,19.618435897435894,31.23331553657235,,GO
Seychelles,SYC,2020,0.59,340.0,0,0.0,100.0,0.0,11.864406779661016,,GO
Seychelles,SYC,2021,0.6,340.0,0,0.0,100.0,0.0,13.333333333333334,,GO
Seychelles,SYC,2022,0.62,350.0,0,0.0,100.0,0.0,14.516129032258062,,GO
Seychelles,SYC,2023,0.63,360.0,0,0.0,100.0,0.0,14.285714285714285,,GO
Sierra Leone,SLE,2020,0.19999999999999998,10.0,0,0.0,100.0,0.0,95.0,,GO
Sierra Leone,SLE,2021,0.19999999999999998,10.0,0,0.0,100.0,0.0,95.0,,GO
Sierra Leone,SLE,2022,0.19999999999999998,10.0,0,0.0,100.0,0.0,95.0,,GO
Sierra Leone,SLE,2023,0.21,10.0,0,0.0,100.0,0.0,95.23809523809523,,GO
Singapore,SGP,2020,53.07,26780.0,0.26440699999999995,0.498223101563972,99.50177689843603,17.745436241610733,2.8076125871490483,,I-REC
Singapore,SGP,2021,55.79,28240.0,0.39533699999999994,0.7086162394694389,99.29138376053056,24.403518518518514,2.9037461910736697,,I-REC
Singapore,SGP,2022,56.919999999999995,28700.0,0.671110230861,1.1790411645484893,98.8209588354515,28.803014200042913,4.093464511595222,,I-REC
Singapore,SGP,2023,57.32,28710.0,1.107269582587,1.9317333959996512,98.06826660400034,42.58729163796154,4.535938590369852,,I-REC
Singapore,SGP,2024,59.61,29730.0,1.592044035064,2.670766708713303,97.3292332912867,54.151157655238094,4.9320583794665325,,I-REC
Slovakia,SVK,2020,28.509999999999998,4520.0,1.9703760000000001,6.91117502630656,93.08882497369343,28.764613138686133,24.02665731322343,,GO
Slovakia,SVK,2021,29.7,4970.0,2.922252,9.839232323232324,90.16076767676768,43.16472673559823,22.794612794612792,,GO
Slovakia,SVK,2022,26.54,3770.0,3.2568230000000002,12.271375282592315,87.72862471740768,55.95915807560138,21.929163526752074,,GO
Slovakia,SVK,2023,29.53,3400.0,7.0416919999999985,23.84589231290213,76.15410768709788,65.53666169895675,22.722654927192686,,GO
Slovakia,SVK,2024,29.33,2830.0,16.293172000000002,55.551217183770895,44.448782816229105,83.77945945945946,23.968632799181723,,GO
Slovenia,SVN,2020,16.89,4680.0,4.551346,26.946986382474837,73.05301361752517,81.56534050179212,33.03730017761989,,GO
Slovenia,SVN,2021,15.59,4200.0,4.471914000000001,28.68450288646569,71.3154971135343,82.20430147058825,34.89416292495189,,GO
Slovenia,SVN,2022,13.36,3440.0,9.45726,70.787874251497,29.212125748503,69.41280098280099,30.46407185628743,,GO
Slovenia,SVN,2023,15.549999999999999,3500.0,10.100112000000001,64.95248874598072,35.047511254019284,70.30512698412699,40.5144694533762,,GO
Slovenia,SVN,2024,17.04,3870.0,9.177625,53.859301643192495,46.140698356807505,71.62040389972142,42.136150234741784,,GO
Solomon Islands,SLB,2020,0.1,70.0,0,0.0,100.0,,0.0,,GO
Solomon Islands,SLB,2021,0.1,70.0,0,0.0,100.0,,0.0,,GO
Solomon Islands,SLB,2022,0.11,70.0,0,0.0,100.0,0.0,9.090909090909092,,GO
Solomon Islands,SLB,2023,0.11,70.0,0,0.0,100.0,0.0,9.090909090909092,,GO
Somalia,SOM,2020,0.37000000000000005,220.0,0,0.0,100.0,0.0,8.108108108108107,,GO
Somalia,SOM,2021,0.38,220.0,0,0.0,100.0,0.0,10.526315789473683,,GO
Somalia,SOM,2022,0.42000000000000004,220.0,0,0.0,100.0,0.0,19.047619047619047,,GO
Somalia,SOM,2023,0.42000000000000004,220.0,0.000763,0.18166666666666664,99.81833333333333,0.9537499999999999,19.047619047619047,,I-REC
Somalia,SOM,2024,0.0,0.0,7.4e-05,,100.0,,,,I-REC
South Africa,ZAF,2020,239.46,183660.0,0.463429,0.193530861104151,99.80646913889585,3.3125732666190135,5.8423118683704995,,I-REC
South Africa,ZAF,2021,244.39999999999998,181960.0,0.598943899,0.24506706178396073,99.75493293821604,3.3535492665173576,7.307692307692308,,I-REC
South Africa,ZAF,2022,238.84000000000003,174340.0,1.518918901715,0.6359566662682129,99.36404333373179,6.5217642838772,9.751297940043543,,I-REC
South Africa,ZAF,2023,233.70999999999998,166460.0,1.76286646482,0.7542965490650808,99.24570345093493,5.947592661336032,12.68238415129862,,I-REC
South Africa,ZAF,2024,249.07,177810.0,4.7061725596279995,1.889497956248444,98.11050204375155,14.471625337109467,13.056570442044407,,I-REC
South Korea,KOR,2020,577.11,264100.0,0,0.0,100.0,0.0,7.000398537540503,,GO
South Korea,KOR,2021,607.76,279230.0,0,0.0,100.0,0.0,7.914308279584047,,GO
South Korea,KOR,2022,622.59,272720.0,0,0.0,100.0,0.0,8.912767631988949,,GO
South Korea,KOR,2023,617.49,263870.0,0,0.0,100.0,0.0,9.566146820191419,,GO
South Korea,KOR,2024,625.38,259940.0,0,0.0,100.0,0.0,9.709296747577472,,GO
South Sudan,SSD,2020,0.56,360.0,0,0.0,100.0,0.0,1.7857142857142856,,GO
South Sudan,SSD,2021,0.5800000000000001,370.0,0.000676,0.116551724137931,99.88344827586207,3.38,3.4482758620689653,,I-REC
South Sudan,SSD,2022,0.54,330.0,0.000862126,0.15965296296296294,99.84034703703703,2.155315,7.4074074074074066,,I-REC
South Sudan,SSD,2023,0.5900000000000001,360.0,0,0.0,100.0,0.0,6.779661016949151,,GO
South Sudan,SSD,2024,0.0,0.0,0.0008158600000000001,,100.0,,,,I-REC
Spain,ESP,2020,259.46999999999997,51660.0,21.049798000000003,8.11261340424712,91.88738659575287,18.498811846383692,43.854780899525956,,GO
Spain,ESP,2021,270.75,52400.0,30.923046,11.42125429362881,88.5787457063712,24.590891451292247,46.445060018467224,,GO
Spain,ESP,2022,287.15,62350.0,33.228168999999994,11.571711300713911,88.42828869928609,27.034552924904396,42.80341285042661,,GO
Spain,ESP,2023,279.84000000000003,47370.0,37.364245999999994,13.352003287592906,86.64799671240709,25.855820358452704,51.6402229845626,,GO
Spain,ESP,2024,280.39,40980.0,46.728707,16.665611113092478,83.33438888690752,29.130794214824512,57.209600913014015,,GO
Sri Lanka,LKA,2020,16.49,8460.0,0.009599,0.05821103699211644,99.94178896300788,0.16380546075085323,35.53668890236508,,I-REC
Sri Lanka,LKA,2021,17.5,7320.0,0.066841,0.3819485714285714,99.61805142857143,0.7736226851851851,49.37142857142858,,I-REC
Sri Lanka,LKA,2022,17.38,8860.0,0.095604866,0.5500855350978137,99.44991446490219,1.4845476086956522,37.05408515535098,,I-REC
Sri Lanka,LKA,2023,16.46,6840.0,0.19739829720000002,1.1992606148238154,98.80073938517619,2.46132540149626,48.72417982989064,,I-REC
Sri Lanka,LKA,2024,17.14,6470.0,0.32233766044,1.8806164553092184,98.11938354469078,3.3966033766069548,55.36756126021003,,I-REC
Sudan,SDN,2020,17.2,4260.0,0,0.0,100.0,0.0,64.82558139534883,,GO
Sudan,SDN,2021,17.7,4630.0,0,0.0,100.0,0.0,62.655367231638415,,GO
Sudan,SDN,2022,16.78,3430.0,0,0.0,100.0,0.0,71.75208581644816,,GO
Sudan,SDN,2023,16.75,3590.0,0,0.0,100.0,0.0,70.1492537313433,,GO
Suriname,SUR,2020,2.05,710.0,0,0.0,100.0,0.0,48.29268292682927,,GO
Suriname,SUR,2021,2.09,730.0,0,0.0,100.0,0.0,48.32535885167464,,GO
Suriname,SUR,2022,2.11,790.0,0,0.0,100.0,0.0,44.54976303317536,,GO
Suriname,SUR,2023,2.14,820.0,0.001903,0.0889252336448598,99.91107476635514,0.2068478260869565,42.99065420560748,,I-REC
Suriname,SUR,2024,0.0,0.0,0.003661424,,100.0,,,,I-REC
Sweden,SWE,2020,163.78,6340.0,74.739327,45.63397667602882,54.36602332397118,63.49269930444089,68.46989864452313,,GO
Sweden,SWE,2021,171.78,7170.0,85.995132,50.06120153684945,49.93879846315055,65.20780043196545,67.3826988007917,,GO
Sweden,SWE,2022,173.05,7100.0,94.649234,54.694732158335746,45.305267841664254,68.24017339084834,68.321294423577,,GO
Sweden,SWE,2023,166.44,6390.0,93.375795,56.101775414563804,43.898224585436196,68.22360169491523,69.47849074741649,,GO
Sweden,SWE,2024,173.32999999999998,6220.0,100.870771,58.19579472682168,41.80420527317832,69.0516018249689,69.54941441181562,,GO
Switzerland,CHE,2020,68.49,2510.0,47.720727,69.67546649145861,30.324533508541393,84.97296948356808,62.198861147612796,,GO
Switzerland,CHE,2021,63.09,2430.0,45.106743,71.49586780789349,28.50413219210651,86.71044989288264,66.5874148042479,,GO
Switzerland,CHE,2022,61.73,2300.0,50.95659,82.54752956423134,17.45247043576866,90.05413170325092,58.302284140612336,,GO
Switzerland,CHE,2023,69.92,2390.0,54.00091400000001,77.23242848970253,22.767571510297472,88.1417965564114,63.12929061784898,,GO
Switzerland,CHE,2024,78.22,2660.0,59.821755,76.47884812068526,23.521151879314743,87.71940652256353,67.42521094349271,,GO
Syria,SYR,2020,21.03,14530.0,0,0.0,100.0,0.0,3.8040893961008084,,GO
Syria,SYR,2021,21.709999999999997,15030.0,0,0.0,100.0,0.0,3.8691847075080616,,GO
Syria,SYR,2022,20.080000000000002,13700.0,0,0.0,100.0,0.0,4.382470119521912,,GO
Taiwan,TWN,2020,279.99,181430.0,0.061134,0.02183435122682953,99.97816564877317,0.4562238805970149,4.785885210186078,,I-REC
Taiwan,TWN,2021,291.03000000000003,189760.0,0.079901,0.0274545579493523,99.97254544205065,0.5082760814249364,5.4015049994845885,,I-REC
Taiwan,TWN,2022,288.19,184220.0,0.06459458700000001,0.022413889100940356,99.97758611089905,0.29241551380715264,7.665082063916165,,I-REC
Taiwan,TWN,2023,282.28,181850.0,0.052818199999999996,0.01871127958055831,99.98128872041944,0.21026353503184717,8.898965566104577,,I-REC
Taiwan,TWN,2024,288.56,183280.0,0.054349,0.018834557804269476,99.98116544219573,0.17248175182481754,10.919739395619628,,I-REC
Tajikistan,TJK,2020,20.099999999999998,2210.0,0,0.0,100.0,0.0,90.0995024875622,,GO
Tajikistan,TJK,2021,20.72,2290.0,0,0.0,100.0,0.0,90.05791505791507,,GO
Tajikistan,TJK,2022,21.490000000000002,1860.0,0,0.0,100.0,0.0,92.69427640763146,,GO
Tajikistan,TJK,2023,21.6,1890.0,0,0.0,100.0,0.0,92.59259259259258,,GO
Tajikistan,TJK,2024,21.48,2120.0,0,0.0,100.0,0.0,91.34078212290503,,GO
Tanzania,TZA,2020,7.83,2340.0,0,0.0,100.0,0.0,41.37931034482759,,GO
Tanzania,TZA,2021,8.65,2770.0,0,0.0,100.0,0.0,36.878612716763,,GO
Tanzania,TZA,2022,9.62,3360.0,0,0.0,100.0,0.0,30.35343035343035,,GO
Tanzania,TZA,2023,10.98,4080.0,0,0.0,100.0,0.0,25.500910746812384,,GO
Thailand,THA,2020,176.48,100839.99999999999,1.533823,0.8691200135992748,99.13087998640073,6.115721690590112,14.211242067089755,,I-REC
Thailand,THA,2021,176.35999999999999,99980.0,3.966145742599,2.248891893059084,97.75110810694092,14.983550217601058,15.009072352007259,,I-REC
Thailand,THA,2022,180.37,101210.0,8.533176238277001,4.730928778775296,95.2690712212247,29.96199521866924,15.789765482064647,,I-REC
Thailand,THA,2023,190.48000000000002,104750.0,9.5153929157,4.995481371115077,95.00451862888492,31.973766517809143,15.623687526249471,,I-REC
Thailand,THA,2024,199.52,110820.0,10.496243552912,5.260747570625501,94.7392524293745,35.448306494130364,14.840617481956695,,I-REC
Timor-Leste,TLS,2020,0.5,330.0,0,0.0,100.0,,0.0,,GO
Timor-Leste,TLS,2021,0.51,340.0,0,0.0,100.0,,0.0,,GO
Timor-Leste,TLS,2022,0.51,340.0,0,0.0,100.0,,0.0,,GO
Timor-Leste,TLS,2023,0.51,340.0,0,0.0,100.0,,0.0,,GO
Togo,TGO,2020,0.61,310.0,0,0.0,100.0,0.0,14.754098360655737,,GO
Togo,TGO,2021,0.71,330.0,0,0.0,100.0,0.0,22.535211267605636,,GO
Togo,TGO,2022,0.9,430.0,0,0.0,100.0,0.0,20.0,,GO
Togo,TGO,2023,0.92,440.0,0,0.0,100.0,0.0,20.652173913043477,,GO
Tonga,TON,2020,0.06999999999999999,40.0,0,0.0,100.0,0.0,14.285714285714288,,GO
Tonga,TON,2021,0.06999999999999999,40.0,0,0.0,100.0,0.0,14.285714285714288,,GO
Tonga,TON,2022,0.08,50.0,0,0.0,100.0,0.0,12.5,,GO
Tonga,TON,2023,0.06999999999999999,40.0,0,0.0,100.0,0.0,14.285714285714288,,GO
Trinidad and Tobago,TTO,2020,9.23,6290.0,0,0.0,100.0,0.0,0.10834236186348861,,GO
Trinidad and Tobago,TTO,2021,9.270000000000001,6320.0,0,0.0,100.0,0.0,0.10787486515641855,,GO
Trinidad and Tobago,TTO,2022,9.5,6480.0,0,0.0,100.0,0.0,0.10526315789473684,,GO
Trinidad and Tobago,TTO,2023,9.5,6480.0,0,0.0,100.0,0.0,0.10526315789473684,,GO
Tunisia,TUN,2020,21.38,12070.0,0,0.0,100.0,0.0,3.13376987839102,,GO
Tunisia,TUN,2021,21.9,12360.0,0,0.0,100.0,0.0,3.105022831050228,,GO
Tunisia,TUN,2022,21.41,12110.0,0,0.0,100.0,0.0,3.035964502568893,,GO
Tunisia,TUN,2023,21.29,11930.0,0,0.0,100.0,0.0,3.945514325974637,,GO
Tunisia,TUN,2024,20.83,11670.0,0,0.0,100.0,0.0,3.984637542006722,,GO
Turkmenistan,TKM,2020,25.76,33660.0,0,0.0,100.0,,0.0,,GO
Turkmenistan,TKM,2021,28.400000000000002,37090.0,0,0.0,100.0,0.0,0.0352112676056338,,GO
Turkmenistan,TKM,2022,32.6,42580.0,0,0.0,100.0,0.0,0.030674846625766874,,GO
Turkmenistan,TKM,2023,33.79,44140.0,0,0.0,100.0,0.0,0.029594554601953243,,GO
Turks and Caicos Islands,TCA,2020,0.25,160.0,0,0.0,100.0,,0.0,,GO
Turks and Caicos Islands,TCA,2021,0.26,170.0,0,0.0,100.0,,0.0,,GO
Turks and Caicos Islands,TCA,2022,0.26,170.0,0,0.0,100.0,,0.0,,GO
Turks and Caicos Islands,TCA,2023,0.26,170.0,0,0.0,100.0,,0.0,,GO
Türkiye,TUR,2020,302.0,145700.0,5.158671000000001,1.7081692052980137,98.29183079470198,4.051418361737218,42.16225165562914,,I-REC
Türkiye,TUR,2021,327.88,164140.0,12.680229,3.8673383554959133,96.13266164450408,10.924639441716206,35.40014639502257,,I-REC
Türkiye,TUR,2022,320.56,156400.0,20.27848825301,6.325957154046044,93.67404284595395,15.093776146639376,41.9110306962815,,I-REC
Türkiye,TUR,2023,319.79,157880.0,24.41613748993,7.635053469442446,92.36494653055756,18.17488275266488,42.00881828700084,,I-REC
Türkiye,TUR,2024,341.22,160270.0,25.40873065094,7.446436507514213,92.5535634924858,16.32427282424671,45.615731785944554,,I-REC
UAE,ARE,2020,137.31,88660.0,2.6890039999999997,1.958345349938096,98.0416546500619,17.433938223938224,3.772485616488238,,I-REC
UAE,ARE,2021,149.05,90220.0,12.027452,8.06940758134854,91.93059241865146,44.735872,4.193223750419322,,I-REC
UAE,ARE,2022,155.42,86800.0,22.906960999443,14.738747265115817,85.26125273488418,46.82834837990968,4.98648822545361,,I-REC
UAE,ARE,2023,167.53,81050.0,40.674671360000005,24.279037402256314,75.72096259774369,64.33606925698705,8.756640601683282,,I-REC
UAE,ARE,2024,177.26,82870.0,46.055177490220004,25.981709065903196,74.0182909340968,61.60934995019206,8.811914701568318,,I-REC
US Virgin Islands,VIR,2020,0.64,410.0,0,0.0,100.0,0.0,1.5625,,GO
US Virgin Islands,VIR,2021,0.66,420.0,0,0.0,100.0,0.0,3.0303030303030303,,GO
US Virgin Islands,VIR,2022,0.68,430.0,0,0.0,100.0,0.0,2.941176470588235,,GO
US Virgin Islands,VIR,2023,0.67,430.0,0,0.0,100.0,0.0,2.9850746268656714,,GO
Uganda,UGA,2020,4.6,250.0,0.09735400000000001,2.1163913043478266,97.88360869565217,2.1730803571428576,97.39130434782608,,I-REC
Uganda,UGA,2021,5.27,290.0,0.050572000000000006,0.9596204933586339,99.04037950664137,0.9838910505836577,97.53320683111954,,I-REC
Uganda,UGA,2022,5.75,330.0,0.10672285843,1.8560497118260868,98.14395028817391,1.9057653291071426,97.3913043478261,,I-REC
Uganda,UGA,2023,0.0,0.0,0.069439839,,100.0,,,,I-REC
Uganda,UGA,2024,0.0,0.0,0.145503914,,100.0,,,,I-REC
Ukraine,UKR,2020,147.79000000000002,48090.0,0,0.0,100.0,0.0,11.46897625008458,,GO
Ukraine,UKR,2021,156.44,43720.0,0,0.0,100.0,0.0,13.851956021477886,,GO
Ukraine,UKR,2022,111.51,27930.0,0,0.0,100.0,0.0,16.411084207694373,,GO
United Kingdom,GBR,2020,310.3,75260.0,0,0.0,100.0,0.0,43.06477602320335,,GO
United Kingdom,GBR,2021,307.9,82240.0,0,0.0,100.0,0.0,39.782396882104585,,GO
United Kingdom,GBR,2022,324.58,82760.0,0,0.0,100.0,0.0,41.61069690061002,,GO
United Kingdom,GBR,2023,292.53,68930.0,0,0.0,100.0,0.0,46.37814924964962,,GO
United Kingdom,GBR,2024,284.16,61530.0,0,0.0,100.0,0.0,50.64752252252253,,GO
United States of America,USA,2020,4043.1800000000003,1664570.0,0,0.0,100.0,0.0,20.315692103740123,,GO
United States of America,USA,2021,4153.62,1760060.0,0,0.0,100.0,0.0,20.742870074778143,,GO
United States of America,USA,2022,4286.89,1759200.0,0,0.0,100.0,0.0,22.350468521468944,,GO
United States of America,USA,2023,4253.91,1671140.0,0,0.0,100.0,0.0,22.678900117774,,GO
United States of America,USA,2024,4387.26,1682730.0,0,0.0,100.0,0.0,24.100007749711665,,GO
Uruguay,URY,2020,13.57,1280.0,0,0.0,100.0,0.0,94.03095062638174,,GO
Uruguay,URY,2021,15.99,2410.0,0,0.0,100.0,0.0,84.61538461538461,,GO
Uruguay,URY,2022,14.86,1640.0,0,0.0,100.0,0.0,90.7806191117093,,GO
Uruguay,URY,2023,12.879999999999999,1490.0,0,0.0,100.0,0.0,92.00310559006212,,GO
Uruguay,URY,2024,17.27,1670.0,0,0.0,100.0,0.0,94.61493920092646,,GO
Uzbekistan,UZB,2020,66.53,76450.0,0,0.0,100.0,0.0,7.530437396663158,,GO
Uzbekistan,UZB,2021,71.44,82190.0,0,0.0,100.0,0.0,7.026875699888017,,GO
Uzbekistan,UZB,2022,75.07000000000001,84180.0,0,0.0,100.0,0.0,9.218063141068336,,GO
Uzbekistan,UZB,2023,76.25,85490.0,0.007,0.009180327868852459,99.99081967213115,0.09929078014184398,9.245901639344261,,I-REC
Uzbekistan,UZB,2024,0.0,0.0,0.313539,,100.0,,,,I-REC
Vanuatu,VUT,2020,0.09,40.0,0,0.0,100.0,0.0,33.33333333333333,,GO
Vanuatu,VUT,2021,0.08,40.0,0,0.0,100.0,0.0,25.0,,GO
Vanuatu,VUT,2022,0.08,40.0,0,0.0,100.0,0.0,25.0,,GO
Vanuatu,VUT,2023,0.08,40.0,0,0.0,100.0,0.0,25.0,,GO
Venezuela,VEN,2020,80.50999999999999,14860.0,0,0.0,100.0,0.0,77.67979133026954,,GO
Venezuela,VEN,2021,82.93,14450.0,0,0.0,100.0,0.0,79.23549981912457,,GO
Venezuela,VEN,2022,82.36,14860.0,0,0.0,100.0,0.0,78.36328314715882,,GO
Venezuela,VEN,2023,82.94,14950.0,0,0.0,100.0,0.0,78.38196286472149,,GO
Vietnam,VNM,2020,244.0,128970.0,0.931092,0.38159508196721315,99.61840491803278,1.096047086521483,34.81557377049181,,I-REC
Vietnam,VNM,2021,253.60999999999999,120510.0,4.456676979,1.7572954453688734,98.24270455463113,4.108293675331859,42.774338551318955,,I-REC
Vietnam,VNM,2022,265.11,110150.0,15.7417610033,5.937822414582626,94.06217758541737,12.004698393426372,49.46248726943532,,I-REC
Vietnam,VNM,2023,276.59,130790.0,22.432493803417,8.110377744465454,91.88962225553455,18.88734007191799,42.94081492461767,,I-REC
Vietnam,VNM,2024,303.58,147580.0,23.246393674884,7.657419354003558,92.34258064599643,18.110309812156434,42.28210027011003,,I-REC
Yemen,YEM,2020,2.9400000000000004,1700.0,0,0.0,100.0,0.0,16.666666666666664,,GO
Yemen,YEM,2021,2.92,1720.0,0,0.0,100.0,0.0,17.123287671232877,,GO
Yemen,YEM,2022,3.0300000000000002,1770.0,0,0.0,100.0,0.0,16.83168316831683,,GO
Yemen,YEM,2023,3.0700000000000003,1800.0,0,0.0,100.0,0.0,16.938110749185668,,GO
Zambia,ZMB,2020,15.23,2060.0,0,0.0,100.0,0.0,85.48916611950098,,GO
Zambia,ZMB,2021,17.72,1540.0,0,0.0,100.0,0.0,91.98645598194129,,GO
Zambia,ZMB,2022,19.470000000000002,2180.0,0.0072510000000000005,0.03724191063174114,99.96275808936826,0.041889081455805895,88.90600924499228,,I-REC
Zambia,ZMB,2023,19.46,2160.0,0.007385,0.03794964028776979,99.96205035971224,0.04263856812933026,89.00308324768754,,I-REC
Zambia,ZMB,2024,0.0,0.0,0.01427855,,100.0,,,,I-REC
Zimbabwe,ZWE,2020,6.71,2490.0,0,0.0,100.0,0.0,58.569299552906116,,GO
Zimbabwe,ZWE,2021,8.569999999999999,2310.0,0,0.0,100.0,0.0,70.7117852975496,,GO
Zimbabwe,ZWE,2022,8.94,2660.0,0,0.0,100.0,0.0,67.337807606264,,GO
Zimbabwe,ZWE,2023,8.31,2480.0,0,0.0,100.0,0.0,67.50902527075813,,GO
Zimbabwe,ZWE,2024,0.0,0.0,0.003204538,,100.0,,,,I-REC
